FEATURE AREA,FEATURE AREA COVERAGE
Commissioning-BTS Settings (except toggle fault),50.67%
Commissioning-Local Cell Group,35.61%
Commissioning-LTE Carrier,30.60%
Commissioning-Local Cell Resource,26.60%
Commissioning-Local Cell Settings,0.00%
"Commissioning EAC (System Module External Fault and Control Settings), EAC for FHS, EAC in XLF XLC",31.43%
Commissioning-Site Testing,20.30%
Commissioning-Module Settings,43.75%
Commissioning-Configuration Change Notifications (CCNs),69.57%
Commissioning-ALD area,44.47%
Commissioning-BTS Synchronization Settings,53.68%
Commissioning-LTE Commissioning Radio Network Configuration (PDDB)/Commissioning-RNW,39.28%
Commissioning-Concurrent Mode Settings,24.54%
Commissioning-Additional Site Settings,39.68%






FEATURE AREA,FEATURE AREA COVERAGE,CLASS,CLASS COVERAGE,LINE_MISSED,LINE_COVERED,METHOD_MISSED,METHOD_COVERED
Commissioning-BTS Settings (except toggle fault),50.67%,com.hahaqu.em.bts.gui.lte.commissioning.model.LTEBTSSettingsModel,71.01%,40,98,5,38
,,com.hahaqu.em.bts.gui.lte.commissioning.model.MicroBTSSettingsModel,0.00%,134,0,44,0
,,com.hahaqu.em.bts.gui.lte.commissioning.model.MicroBTSSettingsModel$1,0.00%,1,0,1,0
,,com.hahaqu.em.bts.gui.lte.commissioning.model.MicroBTSSettingsModel$DetectionMethodsBitValue,0.00%,2,0,4,0
,,com.hahaqu.em.bts.gui.lte.commissioning.model.MicroBTSSettingsModel$DetectionMethodsBits,0.00%,2,0,4,0
,,com.hahaqu.em.bts.common.commissioning.model.mdinitializer.BTSSettingsRAMLMetadataInitializer,66.67%,2,4,1,2
,,com.hahaqu.em.bts.gui.lte.commissioning.model.initializer.LTEBTSSettingsRAMLMetadataInitializer,96.85%,4,123,0,8
,,com.hahaqu.em.bts.gui.lte.commissioning.model.initializer.MicroBTSSettingsRAMLMetadataInitializer,0.00%,52,0,6,0
,,com.hahaqu.em.bts.gui.lte.commissioning.model.scfprocessor.LTEBTSSettingsSCFProcessor,95.77%,6,136,0,12
,,com.hahaqu.em.bts.gui.lte.commissioning.model.scfprocessor.MicroBTSSettingsSCFProcessor,0.00%,53,0,6,0
,,com.hahaqu.em.bts.common.commissioning.model.BTSSettingsModel,68.75%,75,165,29,59
,,com.hahaqu.em.bts.common.commissioning.model.BTSSettingsModel$MySCFDeliveryListener,12.50%,7,1,5,1
,,com.hahaqu.em.bts.gui.lte.commissioning.model.validator.current.MicroBTSSettingsModelValidator,0.00%,3,0,2,0
,,com.hahaqu.em.bts.common.commissioning.model.validator.BTSSettingsModelValidator,57.14%,3,4,0,2
,,com.hahaqu.em.bts.common.commissioning.view.BTSSettingsView$PassiveUnitsHandler,100.00%,0,3,0,2
,,com.hahaqu.em.bts.common.commissioning.view.BTSSettingsView,82.30%,40,186,17,21
,,com.hahaqu.em.bts.common.commissioning.view.BTSSettingsView$TimeZoneListSelectionHandler,100.00%,0,3,0,2
,,com.hahaqu.em.bts.common.commissioning.view.BTSSettingsView$4,20.00%,4,1,1,1
,,com.hahaqu.em.bts.common.commissioning.view.BTSSettingsView$3,25.00%,3,1,1,1
,,com.hahaqu.em.bts.common.commissioning.view.BTSSettingsView$5,100.00%,0,3,0,2
,,com.hahaqu.em.bts.common.commissioning.view.BTSSettingsView$2,25.00%,3,1,1,1
,,com.hahaqu.em.bts.common.commissioning.view.BTSSettingsView$1,25.00%,3,1,1,1
,,com.hahaqu.em.bts.common.commissioning.controller.BTSSettingsController$1,100.00%,0,3,0,2
,,com.hahaqu.em.bts.common.commissioning.controller.BTSSettingsController,71.95%,23,59,4,7
,,com.hahaqu.em.bts.gui.tdlte.commissioning.view.TDLTEBTSSettingsView,0.00%,3,0,2,0
,,com.hahaqu.em.bts.gui.lte.commissioning.view.MicroBTSSettingsView,0.00%,321,0,34,0
,,com.hahaqu.em.bts.gui.lte.commissioning.view.MicroBTSSettingsView$LocationLockActionListener,0.00%,3,0,2,0
,,com.hahaqu.em.bts.gui.lte.commissioning.view.LTEBTSSettingsView$2,33.33%,2,1,1,1
,,com.hahaqu.em.bts.gui.lte.commissioning.view.LTEBTSSettingsView$1,12.50%,7,1,1,1
,,com.hahaqu.em.bts.gui.lte.commissioning.view.MicroBTSSettingsView$DetectionMethodsSelection,0.00%,2,0,4,0
,,com.hahaqu.em.bts.gui.lte.commissioning.view.LTEBTSSettingsView$TogglingFaultsHandler,100.00%,0,5,0,2
,,com.hahaqu.em.bts.gui.lte.commissioning.view.MicroBTSSettingsView$1,0.00%,6,0,2,0
,,com.hahaqu.em.bts.gui.lte.commissioning.view.MicroBTSSettingsView$2,0.00%,1,0,1,0
,,com.hahaqu.em.bts.gui.lte.commissioning.view.LTEBTSSettingsView,97.14%,2,68,0,13
,,com.hahaqu.em.bts.gui.lte.commissioning.view.MicroBTSSettingsView$DetectionMethodsListSelectionHandler,0.00%,31,0,3,0
,,com.hahaqu.em.bts.gui.lte.commissioning.controller.MicroBTSSettingsController,0.00%,6,0,2,0
Commissioning-Local Cell Group,35.61%,com.hahaqu.em.bts.common.hwmodel.scfupdate.MasterBBModelRelation,75.00%,2,6,0,2
,,com.hahaqu.em.bts.common.component.module.UnitGroupButton$AntennaRetDialogActionListener,25.00%,3,1,1,1
,,com.hahaqu.em.bts.common.component.module.UnitGroupButton$RemoveActionListener,14.29%,6,1,1,1
,,com.hahaqu.em.bts.common.component.module.UnitGroupButton$HelpActionListener,20.00%,4,1,1,1
,,com.hahaqu.em.bts.common.component.module.UnitGroupButton$1,33.33%,2,1,1,1
,,com.hahaqu.em.bts.common.component.module.UnitGroupButton$ResetRAEActionListener,3.70%,26,1,2,1
,,com.hahaqu.em.bts.common.component.module.ModuleCellGroupBorder,0.00%,41,0,6,0
,,com.hahaqu.em.bts.common.component.module.ModuleCellGroup$1,0.00%,36,0,6,0
,,com.hahaqu.em.bts.common.component.module.ModuleCellGroup,1.88%,157,3,33,1
,,com.hahaqu.em.bts.common.component.module.ModuleTRSSubBorder,0.00%,82,0,8,0
,,com.hahaqu.em.bts.common.component.module.UnitGroupButton,37.26%,298,177,57,43
,,com.hahaqu.em.bts.common.component.module.UnitGroupButton$RETAndMHAInfoActionListener,3.70%,26,1,1,1
,,com.hahaqu.em.bts.common.component.module.ModuleCellGroupUI,0.00%,19,0,5,0
,,com.hahaqu.em.bts.common.component.module.UnitGroupButton$AntennaRaeDialogActionListener,33.33%,2,1,1,1
,,com.hahaqu.em.bts.common.pm.GroupNode,100.00%,0,2,0,1
,,com.hahaqu.em.bts.common.pm.PIGroupModel,42.05%,51,37,21,18
,,com.hahaqu.em.bts.common.commissioning.view.eqview.BBHighlightedEQView,0.00%,17,0,2,0
,,com.hahaqu.em.bts.common.commissioning.scf.raml.BBMODBean,0.00%,61,0,25,0
,,com.hahaqu.em.bts.common.commissioning.scf.raml.CellGroupBean,0.00%,14,0,5,0
,,com.hahaqu.em.bts.common.hwmodel.RFGroupModel,65.41%,55,104,13,27
,,com.hahaqu.em.bts.common.hwmodel.FANGroupModel,38.89%,11,7,1,3
,,com.hahaqu.em.bts.common.hwmodel.CellGroupModel,0.00%,135,0,37,0
,,com.hahaqu.em.bts.common.hwmodel.BBPowerModel,0.00%,4,0,2,0
,,com.hahaqu.em.bts.common.hwmodel.TXGroupModel,41.18%,70,49,15,12
,,com.hahaqu.em.bts.common.hwmodel.RXGroupModel,40.00%,42,28,7,6
,,com.hahaqu.em.bts.common.hwmodel.BBModel,49.90%,486,484,80,116
,,com.hahaqu.em.bts.common.hwmodel.AnotherTechnologyBBModel,0.00%,15,0,5,0
,,com.hahaqu.em.bts.common.hwmodel.BBModel$2,50.00%,1,1,1,1
,,com.hahaqu.em.bts.common.hwmodel.BBModel$3,100.00%,0,2,0,2
,,com.hahaqu.em.bts.common.hwmodel.BBModel$1,66.67%,2,4,0,2
,,com.hahaqu.em.bts.common.hwmodel.CoreBBModel,30.00%,21,9,6,3
,,com.hahaqu.em.bts.common.commissioning.core.HWSelectionGroupInitializer,58.97%,16,23,2,5
Commissioning-LTE Carrier,30.60%,com.hahaqu.em.bts.gui.lte.commissioning.model.LTECarrierModel$UpLinkCarrierProvider,100.00%,0,3,0,3
,,com.hahaqu.em.bts.gui.lte.commissioning.model.NBIoTStandaloneCarrier,0.00%,5,0,3,0
,,com.hahaqu.em.bts.gui.lte.commissioning.model.LTECarrierModel$DownLinkCarrierProvider,100.00%,0,3,0,3
,,com.hahaqu.em.bts.gui.lte.commissioning.model.LTECarrierModel,36.82%,1659,967,186,165
,,com.hahaqu.em.bts.gui.lte.commissioning.model.LTECarrierModel$CarrierTableValueMediator,20.16%,99,25,6,6
,,com.hahaqu.em.bts.gui.lte.commissioning.model.LTECarrier,42.89%,225,169,28,42
,,com.hahaqu.em.bts.gui.lte.commissioning.model.LTECarrierModel$ExceedMaxBandWidthMessage,16.90%,59,12,8,3
,,com.hahaqu.em.bts.gui.lte.commissioning.model.NBIoTInBandCarrier,0.00%,24,0,13,0
,,com.hahaqu.em.bts.gui.lte.commissioning.model.SubCellCarrierPowerTableModel,13.58%,70,11,15,4
,,com.hahaqu.em.bts.gui.lte.commissioning.model.LTECarrierTableModel,83.12%,13,64,0,12
,,com.hahaqu.em.bts.gui.lte.commissioning.model.LTECarrier$1,0.00%,4,0,2,0
,,com.hahaqu.em.bts.gui.tdlte.commissioning.model.scfprocessor.TDLTECarrier,0.00%,5,0,3,0
,,com.hahaqu.em.bts.gui.tdlte.commissioning.model.scfprocessor.TDLTECarrierSCFProcessor,0.00%,110,0,13,0
,,com.hahaqu.em.bts.common.component.module.CDMACarriersTableModel,0.00%,20,0,7,0
,,com.hahaqu.em.bts.gui.tdlte.commissioning.model.initializer.TDLTECarrierInitializer,0.00%,10,0,2,0
,,com.hahaqu.em.bts.gui.lte.component.siteinfo.model.LTECarrierSiteInfoModel,0.00%,58,0,11,0
,,com.hahaqu.em.bts.gui.lte.component.siteinfo.model.LTECarrierSiteInfoModel$1,0.00%,8,0,2,0
,,com.hahaqu.em.bts.gui.lte.commissioning.model.initializer.LTECarrierInitializer,100.00%,0,53,0,8
,,com.hahaqu.em.bts.common.test.DualCarrier,0.00%,19,0,10,0
,,com.hahaqu.em.bts.gui.tdlte.commissioning.model.validator.current.TDLTECarrierValidator,0.00%,9,0,2,0
,,com.hahaqu.em.bts.gui.tdlte.commissioning.model.validator.current.TDLTECarrierModelValidator,0.00%,149,0,17,0
,,com.hahaqu.em.bts.gui.lte.commissioning.model.validator.relatedcondition.NBIOTPRNprachNumSubcarriersValidator,75.76%,8,25,0,3
,,com.hahaqu.em.bts.gui.lte.commissioning.model.validator.relatedcondition.ANRPRWutraCarrierFreqValidator,100.00%,0,6,0,2
,,com.hahaqu.em.bts.gui.lte.commissioning.model.validator.relatedcondition.ANRPRXRttCarrierFreqValidator,10.71%,100,12,9,5
,,com.hahaqu.em.bts.gui.lte.commissioning.model.validator.relatedcondition.SimilarUtraCarrierFreq,12.70%,110,16,5,5
,,com.hahaqu.em.bts.gui.lte.commissioning.model.validator.relatedcondition.NBIOTPRNprachNumSubcarriersValidator$ParentParametesrs,100.00%,0,2,1,3
,,com.hahaqu.em.bts.gui.lte.commissioning.model.validator.relatedcondition.SlimCarrierValidator,28.57%,55,22,2,2
,,com.hahaqu.em.bts.gui.lte.commissioning.model.validator.relatedcondition.MAASameCarrierValidator,12.89%,169,25,14,3
,,com.hahaqu.em.bts.gui.lte.commissioning.model.validator.relatedcondition.SimilarUtraCarrierFreq$1,0.00%,2,0,2,0
,,com.hahaqu.em.bts.gui.lte.commissioning.model.validator.relatedcondition.EutraCarrierInfoValidator,18.60%,70,16,8,7
,,com.hahaqu.em.bts.gui.lte.commissioning.model.validator.relatedcondition.LNCELFDDActDlSlimCarrierValidator,17.39%,57,12,5,6
,,com.hahaqu.em.bts.gui.tdlte.component.model.TDLTECarrierTableModel,0.00%,3,0,2,0
,,com.hahaqu.em.bts.gui.lte.commissioning.model.scfprocessor.LTECarrierSCFProcessor,64.00%,81,144,4,20
,,com.hahaqu.em.bts.common.commissioning.model.CarrierTable,37.50%,10,6,2,2
,,com.hahaqu.em.bts.common.commissioning.model.CarrierTableModel,40.00%,24,16,6,5
,,com.hahaqu.em.bts.common.commissioning.model.CarrierModelBase,24.44%,272,88,35,16
,,com.hahaqu.em.bts.common.commissioning.model.CarrierBase,53.85%,48,56,15,24
,,com.hahaqu.em.bts.gui.lte.commissioning.model.validator.relatedcondition.helper.SlimCarrierFilterManager$SlimCarrierFilterEntry,75.44%,14,43,9,14
,,com.hahaqu.em.bts.gui.lte.commissioning.model.validator.relatedcondition.helper.SlimCarrierFilterManager,68.29%,13,28,2,5
,,com.hahaqu.em.bts.gui.lte.commissioning.model.validator.relatedcondition.helper.LNCELDlSlimCarrierChecker,28.44%,78,31,13,5
,,com.hahaqu.em.bts.gui.tdlte.commissioning.model.validator.relatedcondition.TDLNBTSActMultipleCarrierValidator,0.00%,76,0,10,0
,,com.hahaqu.em.bts.gui.tdlte.commissioning.model.validator.relatedcondition.TDANRPRXRttCarrierFreqValidator,0.00%,3,0,2,0
,,com.hahaqu.em.bts.gui.tdlte.commissioning.model.validator.relatedcondition.TDANRPRTutraCarrierFreqValidator,0.00%,1,0,1,0
,,com.hahaqu.em.bts.gui.tdlte.commissioning.model.validator.relatedcondition.TDANRPRWutraCarrierFreqValidator,0.00%,3,0,2,0
,,com.hahaqu.em.bts.gui.lte.commissioning.model.validator.current.LTECarrierValidator,28.57%,10,4,1,2
,,com.hahaqu.em.bts.gui.lte.commissioning.model.validator.current.LTECarrierModelValidator,23.82%,435,136,26,24
,,com.hahaqu.em.bts.gui.tdlte.component.siteinfo.model.TDLTECarrierSiteInfoModel,0.00%,43,0,6,0
,,com.hahaqu.em.bts.gui.tdlte.component.siteinfo.model.TDLTECarrierSiteInfoModel$1,0.00%,8,0,2,0
,,com.hahaqu.em.bts.common.hwmodel.CDMACarrierBean,0.00%,4,0,2,0
,,com.hahaqu.em.bts.gui.lte.commissioning.model.holder.LTECarrierParametersHolder,44.44%,35,28,16,10
,,com.hahaqu.em.bts.gui.tdlte.commissioning.view.TDLTECarriersSettingsView$1,0.00%,5,0,2,0
,,com.hahaqu.em.bts.gui.tdlte.commissioning.view.TDLTECarriersSettingsView$2,0.00%,5,0,3,0
,,com.hahaqu.em.bts.gui.tdlte.commissioning.view.TDLTECarriersSettingsView$3,0.00%,6,0,2,0
,,com.hahaqu.em.bts.gui.tdlte.commissioning.view.TDLTECarriersSettingsView,0.00%,205,0,24,0
,,com.hahaqu.em.bts.gui.tdlte.commissioning.view.TDLTECarriersSettingsView$CarrierSelectionHandler,0.00%,13,0,2,0
,,com.hahaqu.em.bts.gui.lte.rf.data.FDLTECarrierProvider,38.71%,38,24,14,1
,,com.hahaqu.em.bts.gui.lte.commissioning.view.LTECarriersSettingsView$CarrierTableModelUpdater,15.62%,27,5,1,1
,,com.hahaqu.em.bts.gui.lte.commissioning.view.LTECarriersSettingsView,49.15%,298,288,16,43
,,com.hahaqu.em.bts.gui.lte.commissioning.view.LTECarrierEqView,84.62%,2,11,0,2
,,com.hahaqu.em.bts.gui.lte.commissioning.view.LTECarriersSettingsView$CarrierSelectionHandler,84.62%,2,11,0,2
,,com.hahaqu.em.bts.gui.lte.commissioning.view.LTECarriersSettingsView$3,20.00%,4,1,1,1
,,com.hahaqu.em.bts.gui.lte.commissioning.view.LTECarriersSettingsView$2,0.00%,6,0,2,0
,,com.hahaqu.em.bts.gui.lte.commissioning.view.LTECarriersSettingsView$1,100.00%,0,3,0,2
,,com.hahaqu.em.bts.gui.lte.commissioning.view.LTECarriersSettingsView$CarrierTableFocusListener,18.18%,18,4,2,1
,,com.hahaqu.em.bts.gui.lte.commissioning.view.LTECarriersSettingsView$UploadTableColumnModelListener,33.33%,6,3,3,3
,,com.hahaqu.em.bts.gui.lte.commissioning.view.LTECarriersSettingsView$DownloadTableColumnModelListener,55.56%,4,5,2,4
,,com.hahaqu.em.bts.gui.tdlte.commissioning.model.TDLTECarrierModel$TDCarrierTableValueMediator,0.00%,82,0,7,0
,,com.hahaqu.em.bts.gui.tdlte.commissioning.model.TDLTECarrierModel,0.00%,382,0,53,0
,,com.hahaqu.em.bts.gui.tdlte.commissioning.model.TDLTECarrierModel$1,0.00%,2,0,2,0
,,com.hahaqu.em.bts.gui.tdlte.commissioning.model.TDLTECarrierModel$CarrierPairs,0.00%,26,0,10,0
,,com.hahaqu.em.bts.gui.tdlte.commissioning.controller.TDLTECarriersSettingsController,0.00%,9,0,2,0
,,com.hahaqu.em.bts.gui.lte.commissioning.controller.LTECarriersSettingsController,85.71%,2,12,1,3
Commissioning-Local Cell Resource,26.60%,com.hahaqu.em.bts.gui.lte.commissioning.model.LTELCRModel$LTEAntennaParametersHolder,50.00%,3,3,2,1
,,com.hahaqu.em.bts.gui.lte.commissioning.model.LTELCRModel,40.28%,645,435,122,98
,,com.hahaqu.em.bts.gui.lte.commissioning.model.LTELCRModel$LTECellParametersHolder,59.34%,37,54,19,18
,,com.hahaqu.em.bts.gui.lte.commissioning.model.SubCellCarrierPowerTableModel,13.58%,70,11,15,4
,,com.hahaqu.em.bts.common.hwmodel.scfupdate.CellModelRelation,100.00%,0,32,0,3
,,com.hahaqu.em.bts.gui.tdlte.commissioning.model.scfprocessor.TDLTELCRModelSCFProcessor,0.00%,130,0,14,0
,,com.hahaqu.em.bts.gui.lnf.commissioning.model.LNFLCRModel,0.00%,12,0,7,0
,,com.hahaqu.em.bts.common.antenna.AntennaWizardCellView,0.00%,252,0,21,0
,,com.hahaqu.em.bts.common.antenna.AntennaWizardCellView$2,0.00%,10,0,2,0
,,com.hahaqu.em.bts.common.antenna.AntennaWizardCellView$1,0.00%,2,0,2,0
,,com.hahaqu.em.bts.common.antenna.AntennaWizardCellView$3,0.00%,6,0,2,0
,,com.hahaqu.em.bts.common.antenna.AntennaWizardCellView$EditFocusHandler,0.00%,5,0,2,0
,,com.hahaqu.em.bts.common.antenna.AntennaWizardCellController,0.00%,177,0,24,0
,,com.hahaqu.em.bts.common.antenna.ret.ErrCodeTableCellRenderer,0.00%,9,0,2,0
,,com.hahaqu.em.bts.common.antenna.ret.TiltTableCellRenderer,0.00%,10,0,2,0
,,com.hahaqu.em.bts.common.antenna.ret.AngleTableCellRenderer,0.00%,47,0,6,0
,,com.hahaqu.em.bts.gui.lte.component.siteinfo.model.helper.LTELCRHelper,0.00%,144,0,29,0
,,com.hahaqu.em.bts.gui.lte.component.siteinfo.model.helper.TDLTELCRHelper,0.00%,9,0,4,0
,,com.hahaqu.em.bts.gui.tdlte.commissioning.model.validator.TLActFlexScellSelectRuleValidatorExtension,0.00%,83,0,15,0
,,com.hahaqu.em.bts.common.util.ui.TableCellComboBox$ComboMouseListener,0.00%,14,0,3,0
,,com.hahaqu.em.bts.common.util.ui.NlafTableCellRenderer$BoxRenderer,0.00%,6,0,1,0
,,com.hahaqu.em.bts.common.util.ui.TableCellComboBox$ComboFocusListener,0.00%,5,0,2,0
,,com.hahaqu.em.bts.common.util.ui.NlafTableCellRenderer,0.00%,27,0,4,0
,,com.hahaqu.em.bts.common.util.ui.ListTableCellRenderer,86.96%,3,20,2,3
,,com.hahaqu.em.bts.common.util.ui.TableCellComboBox,0.00%,27,0,5,0
,,com.hahaqu.em.bts.common.util.ui.StateIconListCellRenderer,94.74%,1,18,0,4
,,com.hahaqu.em.bts.gui.lnf.commissioning.model.validator.FLFActFlexScellSelectRuleValidatorExtension,0.00%,6,0,3,0
,,com.hahaqu.em.bts.common.component.module.ModuleCell$1,0.00%,1,0,1,0
,,com.hahaqu.em.bts.common.component.module.ModuleCellUI,92.68%,3,38,0,10
,,com.hahaqu.em.bts.common.component.module.CellLedToolButton,92.31%,1,12,1,2
,,com.hahaqu.em.bts.common.component.module.ModuleCellGroupBorder,0.00%,41,0,6,0
,,com.hahaqu.em.bts.common.component.module.ModuleCellGroup$1,0.00%,36,0,6,0
,,com.hahaqu.em.bts.common.component.module.ModuleCell,16.07%,449,86,65,30
,,com.hahaqu.em.bts.common.component.module.ModuleCellGroup,1.88%,157,3,33,1
,,com.hahaqu.em.bts.common.component.module.EqCellBorder,75.41%,15,46,3,11
,,com.hahaqu.em.bts.common.component.module.ModuleCellGroupUI,0.00%,19,0,5,0
,,com.hahaqu.em.bts.common.component.module.ModuleCell$AlarmComparator,12.50%,7,1,1,1
,,com.hahaqu.em.bts.gui.tdlte.commissioning.model.initializer.TDLTELCRInitializer,0.00%,19,0,4,0
,,com.hahaqu.em.bts.gui.lte.component.siteinfo.model.LTELCRSiteInfoModel,0.00%,149,0,12,0
,,com.hahaqu.em.bts.gui.lte.component.siteinfo.model.LTELCRSiteInfoModel$2,0.00%,8,0,2,0
,,com.hahaqu.em.bts.gui.lte.component.siteinfo.model.LTELCRSiteInfoModel$1,0.00%,8,0,2,0
,,com.hahaqu.em.bts.gui.lte.commissioning.model.initializer.LTELCRInitializer,80.21%,19,77,0,14
,,com.hahaqu.em.bts.gui.lte.commissioning.scf.LTENWCellBean,57.64%,61,83,15,39
,,com.hahaqu.em.bts.gui.lte.commissioning.scf.IntfTraceCellFilterBean,0.00%,51,0,13,0
,,com.hahaqu.em.bts.common.antenna.vswr.IconCellRenderer,0.00%,27,0,2,0
,,com.hahaqu.em.bts.common.antenna.vswr.SpinnerCellRenderer,0.00%,11,0,2,0
,,com.hahaqu.em.bts.gui.lte.commissioning.model.validator.FLActFlexScellSelectRuleValidatorExtension,0.00%,125,0,31,0
,,com.hahaqu.em.bts.gui.lte.commissioning.model.validator.ActFlexScellSelectRuleValidatorExtension,0.00%,156,0,25,0
,,com.hahaqu.em.bts.gui.lte.commissioning.model.validator.ActFlexScellSelectRuleValidatorExtension$1,0.00%,2,0,2,0
,,com.hahaqu.em.bts.gui.tdlte.util.CellPositionInTable,0.00%,6,0,3,0
,,com.hahaqu.em.bts.common.test.rxtxmonitoring.view.currentvalues.TimestampCellRenderer,0.00%,25,0,2,0
,,com.hahaqu.em.bts.common.test.rxtxmonitoring.view.currentvalues.CurrentMinMaxCellRenderer,0.00%,9,0,2,0
,,com.hahaqu.em.bts.gui.lte.hwmodel.SubCellSpinnerDoubleModel,0.00%,59,0,10,0
,,com.hahaqu.em.bts.gui.lte.hwmodel.LTECellModel$1,0.00%,4,0,2,0
,,com.hahaqu.em.bts.gui.lte.hwmodel.LTECellModel$2,100.00%,0,1,0,1
,,com.hahaqu.em.bts.gui.lte.hwmodel.LTECellModel,38.10%,650,400,107,109
,,com.hahaqu.em.bts.gui.tdlte.commissioning.model.validator.current.TDLTELCRModelValidator,0.00%,194,0,28,0
,,com.hahaqu.em.bts.gui.lnz.commissioning.model.validator.current.LNZLCRModelValidator,0.00%,134,0,12,0
,,com.hahaqu.em.bts.gui.lte.commissioning.model.validator.relatedcondition.LTRACEloggedCellConfValidator,61.90%,16,26,12,6
,,com.hahaqu.em.bts.gui.lte.commissioning.model.validator.relatedcondition.MFIREPRuCellChannelSListValidator,3.87%,149,6,14,2
,,com.hahaqu.em.bts.gui.lte.commissioning.model.validator.relatedcondition.ULCompCellListValidator,8.97%,132,13,5,3
,,com.hahaqu.em.bts.gui.lte.commissioning.model.validator.relatedcondition.MTRACEEnhCellVendorSpecTracingValidator,13.11%,53,8,14,5
,,com.hahaqu.em.bts.gui.lte.commissioning.model.validator.relatedcondition.LNBTSUlCoMPCellListNbiotModeValidator,21.74%,36,10,1,3
,,com.hahaqu.em.bts.gui.lte.commissioning.model.validator.relatedcondition.LNHBDcellIndOffValidator,26.09%,17,6,0,2
,,com.hahaqu.em.bts.gui.lte.commissioning.model.validator.relatedcondition.CellTechMandatoryMOValidator,34.00%,99,51,15,11
,,com.hahaqu.em.bts.gui.lte.commissioning.model.validator.relatedcondition.LCELLsmodDNValidator,60.87%,9,14,0,4
,,com.hahaqu.em.bts.gui.lte.commissioning.model.validator.relatedcondition.LNFLNCELActCombSuperCellValidator,3.49%,83,3,9,2
,,com.hahaqu.em.bts.gui.lte.commissioning.model.validator.relatedcondition.PSGRPSlbpsCellSOOrderAndlbpsLastCellSOEnabledValidator,9.70%,121,13,14,5
,,com.hahaqu.em.bts.gui.lte.commissioning.model.validator.relatedcondition.COMPCONFmeasBasedCellConfValidator,11.11%,56,7,12,2
,,com.hahaqu.em.bts.gui.lte.commissioning.model.validator.relatedcondition.LTRACECellIdValidator,50.00%,42,42,5,9
,,com.hahaqu.em.bts.gui.lte.commissioning.model.validator.relatedcondition.LNHENBcellIndOffValidator,31.58%,13,6,0,2
,,com.hahaqu.em.bts.gui.lte.commissioning.model.validator.relatedcondition.LNCELdlCellPwrRedValidator,26.09%,85,30,5,3
,,com.hahaqu.em.bts.gui.lte.commissioning.model.validator.relatedcondition.LNRELGNBCELLnrCellIdValidator,27.03%,27,10,5,4
,,com.hahaqu.em.bts.gui.lte.commissioning.model.validator.relatedcondition.LNCELactCombSuperCellValidator,23.33%,46,14,6,3
,,com.hahaqu.em.bts.gui.lte.commissioning.model.validator.relatedcondition.LNCELcellResourceGroupPrIdValidator,33.33%,32,16,2,3
,,com.hahaqu.em.bts.gui.lte.commissioning.model.validator.relatedcondition.AbstractLNCELdlCellPwrRed,87.72%,7,50,0,10
,,com.hahaqu.em.bts.gui.lte.commissioning.model.validator.relatedcondition.LNCELPhyCellIdInbandValidator,25.42%,44,15,1,2
,,com.hahaqu.em.bts.gui.lte.commissioning.model.validator.relatedcondition.LNFLNCELSubCellConfValidator,10.34%,26,3,2,2
,,com.hahaqu.em.bts.gui.lte.commissioning.model.validator.relatedcondition.LNCELDefaultLnRelGnbCellIdValidator,36.11%,23,13,1,3
,,com.hahaqu.em.bts.gui.lte.commissioning.model.validator.relatedcondition.LNCELPhyCellIdRangeValidator,27.82%,96,37,22,5
,,com.hahaqu.em.bts.gui.lte.commissioning.model.validator.relatedcondition.NRDCPRLcrIdValidator,21.95%,32,9,1,3
,,com.hahaqu.em.bts.gui.lte.commissioning.model.validator.relatedcondition.NRDCDPRLcrIdValidator,21.95%,32,9,1,3
,,com.hahaqu.em.bts.gui.lte.commissioning.model.validator.relatedcondition.PSGRPLbpsCellListLbpsLbpsCellSOOrderValidator,21.43%,33,9,3,2
,,com.hahaqu.em.bts.gui.lte.commissioning.model.validator.relatedcondition.LNFLNCELdlCellPwrRedValidator,7.69%,36,3,0,2
,,com.hahaqu.em.bts.common.commissioning.view.eqview.LCREQView,86.36%,6,38,0,3
,,com.hahaqu.em.bts.common.commissioning.view.eqview.LocalCellSettingsEQView,0.00%,22,0,2,0
,,com.hahaqu.em.bts.gui.lte.commissioning.model.scfprocessor.LTELCRModelSCFProcessor,57.49%,349,472,24,54
,,com.hahaqu.em.bts.gui.lnz.commissioning.controller.LNZLCRController,0.00%,110,0,14,0
,,com.hahaqu.em.bts.common.util.fixme.UniquePhyCellIdValidationFixer,0.00%,13,0,2,0
,,com.hahaqu.em.bts.common.commissioning.model.LocalCellSettingsModel$OtherBBUMainsPowerAlarmIdDocumentListener,0.00%,15,0,5,0
,,com.hahaqu.em.bts.common.commissioning.model.LocalCellSettingsModel,0.00%,216,0,55,0
,,com.hahaqu.em.bts.common.commissioning.model.LCRModel,41.71%,408,292,71,64
,,com.hahaqu.em.bts.common.commissioning.model.LocalCellSettingsModel$myIntegerDocument,0.00%,9,0,2,0
,,com.hahaqu.em.bts.common.commissioning.model.LocalCellSettingsModel$LocalCellListModel,0.00%,3,0,3,0
,,com.hahaqu.em.bts.common.commissioning.model.LCRTableModel,91.67%,1,11,0,6
,,com.hahaqu.em.bts.common.commissioning.model.LCRModel$CellParametersHolder,37.50%,20,12,10,5
,,com.hahaqu.em.bts.common.commissioning.model.LCRModel$AntennaParametersHolder,46.15%,7,6,4,3
,,com.hahaqu.em.bts.gui.tdlte.hwmodel.TDLTECellModel,0.00%,86,0,24,0
,,com.hahaqu.em.bts.gui.lte.component.module.LTECell,15.87%,106,20,17,3
,,com.hahaqu.em.bts.gui.lte.commissioning.view.rnwsearch.SearchResulltsShortDescriptionCellRenderer,18.52%,22,5,1,2
,,com.hahaqu.em.bts.gui.lte.commissioning.view.rnwsearch.SearchResultsShortDescriptionCellEditor,15.69%,43,8,4,3
,,com.hahaqu.em.bts.gui.lte.commissioning.model.validator.relatedcondition.helper.CellConfigurationCountInfo$CellConfiguration,100.00%,0,16,0,8
,,com.hahaqu.em.bts.gui.lte.commissioning.model.validator.relatedcondition.helper.CellConfigurationKeyFactory,0.00%,136,0,13,0
,,com.hahaqu.em.bts.gui.lte.commissioning.model.validator.relatedcondition.helper.LCELLUtils,86.18%,17,106,1,16
,,com.hahaqu.em.bts.gui.lte.commissioning.model.validator.relatedcondition.helper.CellConfigKeyEnum,0.00%,81,0,5,0
,,com.hahaqu.em.bts.gui.lte.commissioning.model.validator.relatedcondition.helper.CellTechnologyUtil,43.48%,13,10,7,5
,,com.hahaqu.em.bts.gui.lte.commissioning.model.validator.relatedcondition.helper.LCELLInfo,80.56%,7,29,7,13
,,com.hahaqu.em.bts.gui.lte.commissioning.model.validator.relatedcondition.helper.CellConfigurationCountInfo,65.97%,49,95,10,22
,,com.hahaqu.em.bts.gui.lte.commissioning.model.validator.relatedcondition.helper.MFIREPRuCellChannelSListHelper,0.00%,6,0,4,0
,,com.hahaqu.em.bts.common.component.xml.XMLCell,0.00%,105,0,7,0
,,com.hahaqu.em.bts.gui.tdlte.commissioning.model.validator.relatedcondition.TDLNRELGNBCELLnrCellIdValidator,0.00%,3,0,2,0
,,com.hahaqu.em.bts.gui.tdlte.commissioning.model.validator.relatedcondition.TDCellTechMandatoryMOValidator,0.00%,6,0,5,0
,,com.hahaqu.em.bts.gui.tdlte.commissioning.model.validator.relatedcondition.TDLTRACECellIdValidator,0.00%,3,0,2,0
,,com.hahaqu.em.bts.gui.tdlte.commissioning.model.validator.relatedcondition.TDLNCELdlCellPwrRedValidator,0.00%,87,0,5,0
,,com.hahaqu.em.bts.gui.tdlte.commissioning.model.validator.relatedcondition.TDLNHENBcellIndOffValidator,0.00%,3,0,2,0
,,com.hahaqu.em.bts.gui.tdlte.commissioning.model.validator.relatedcondition.TDCOMPCONFmeasBasedCellConfValidator,0.00%,3,0,2,0
,,com.hahaqu.em.bts.gui.tdlte.commissioning.model.validator.relatedcondition.LNZLNCELdlCellPwrRedValidator,0.00%,3,0,2,0
,,com.hahaqu.em.bts.gui.tdlte.commissioning.model.validator.relatedcondition.TDNRDCDPRLcrIdValidator,0.00%,1,0,1,0
,,com.hahaqu.em.bts.gui.tdlte.commissioning.model.validator.relatedcondition.TDLCELLsmodDNValidator,0.00%,1,0,1,0
,,com.hahaqu.em.bts.gui.tdlte.commissioning.model.validator.relatedcondition.TDLTRACEloggedCellConfValidator,0.00%,3,0,2,0
,,com.hahaqu.em.bts.gui.tdlte.commissioning.model.validator.relatedcondition.TDLNCELcellResourceGroupPrIdValidator,0.00%,3,0,2,0
,,com.hahaqu.em.bts.gui.tdlte.commissioning.model.validator.relatedcondition.TDLNCELDefaultLnRelGnbCellIdValidator,0.00%,3,0,2,0
,,com.hahaqu.em.bts.gui.tdlte.commissioning.model.validator.relatedcondition.TDLNHBDcellIndOffValidator,0.00%,3,0,2,0
,,com.hahaqu.em.bts.gui.tdlte.commissioning.model.validator.relatedcondition.LNZLNCELActSuperCellValidator,0.00%,106,0,22,0
,,com.hahaqu.em.bts.gui.tdlte.commissioning.model.validator.relatedcondition.TDLNCELPhyCellIdRangeValidator,0.00%,7,0,5,0
,,com.hahaqu.em.bts.gui.tdlte.commissioning.model.validator.relatedcondition.TDPSGRPLbpsCellListLbpsLbpsCellSOOrderValidator,0.00%,3,0,2,0
,,com.hahaqu.em.bts.gui.tdlte.commissioning.model.validator.relatedcondition.TDULCompCellListValidator,0.00%,57,0,5,0
,,com.hahaqu.em.bts.gui.tdlte.commissioning.model.validator.relatedcondition.TDNRDCPRLcrIdValidator,0.00%,1,0,1,0
,,com.hahaqu.em.bts.gui.lte.commissioning.model.validator.current.LNUPRuCellChannelSListValidator$2,0.00%,4,0,1,0
,,com.hahaqu.em.bts.gui.lte.commissioning.model.validator.current.LNUPRuCellChannelSListValidator$1,0.00%,4,0,1,0
,,com.hahaqu.em.bts.gui.lte.commissioning.model.validator.current.LNUPRuCellChannelSListValidator$9,0.00%,4,0,1,0
,,com.hahaqu.em.bts.gui.lte.commissioning.model.validator.current.LNUPRuCellChannelSListValidator$8,0.00%,4,0,1,0
,,com.hahaqu.em.bts.gui.lte.commissioning.model.validator.current.LNUPRuCellChannelSListValidator$7,0.00%,4,0,1,0
,,com.hahaqu.em.bts.gui.lte.commissioning.model.validator.current.LNUPRuCellChannelSListValidator$6,0.00%,4,0,1,0
,,com.hahaqu.em.bts.gui.lte.commissioning.model.validator.current.LNUPRuCellChannelSListValidator$5,0.00%,4,0,1,0
,,com.hahaqu.em.bts.gui.lte.commissioning.model.validator.current.LNUPRuCellChannelSListValidator$4,0.00%,4,0,1,0
,,com.hahaqu.em.bts.gui.lte.commissioning.model.validator.current.LNUPRuCellChannelSListValidator$3,0.00%,4,0,1,0
,,com.hahaqu.em.bts.gui.lte.commissioning.model.validator.current.LTELCRModelValidator,23.66%,668,207,57,38
,,com.hahaqu.em.bts.gui.lte.commissioning.model.validator.current.LNUPRuCellChannelSListValidator,2.96%,821,25,107,12
,,com.hahaqu.em.bts.gui.lte.commissioning.model.validator.current.LNCELLnuprIdValidatorExtension,21.43%,132,36,27,16
,,com.hahaqu.em.bts.gui.lte.commissioning.model.validator.current.LTECellModelValidator,50.00%,4,4,0,2
,,com.hahaqu.em.bts.gui.lte.commissioning.model.validator.current.LNUPRuCellChannelSListValidator$11,0.00%,4,0,1,0
,,com.hahaqu.em.bts.gui.lte.commissioning.model.validator.current.LNUPRuCellChannelSListValidator$10,0.00%,4,0,1,0
,,com.hahaqu.em.bts.gui.lte.commissioning.model.validator.current.LNUPRuCellChannelSListValidator$12,0.00%,4,0,1,0
,,com.hahaqu.em.bts.gui.lte.commissioning.model.validator.current.LNUPRuCellChannelSListValidator$InformationSpy,0.00%,7,0,1,0
,,com.hahaqu.em.bts.common.commissioning.model.validator.LocalCellSettingsModelValidator,0.00%,21,0,3,0
,,com.hahaqu.em.bts.common.commissioning.model.validator.CellModelValidator,12.50%,7,1,1,1
,,com.hahaqu.em.bts.common.commissioning.model.validator.LCRModelValidator,48.98%,25,24,5,4
,,com.hahaqu.em.bts.gui.tdlte.component.siteinfo.model.TDLTELCRSiteInfoModel,0.00%,80,0,9,0
,,com.hahaqu.em.bts.gui.tdlte.component.siteinfo.model.TDLTELCRSiteInfoModel$2,0.00%,8,0,2,0
,,com.hahaqu.em.bts.gui.tdlte.component.siteinfo.model.TDLTELCRSiteInfoModel$1,0.00%,8,0,2,0
,,com.hahaqu.em.bts.common.commissioning.scf.raml.CellBean$1,0.00%,8,0,2,0
,,com.hahaqu.em.bts.common.commissioning.scf.raml.LTECellBean$1,0.00%,7,0,2,0
,,com.hahaqu.em.bts.common.commissioning.scf.raml.RNWCellBean,23.53%,13,4,5,3
,,com.hahaqu.em.bts.common.commissioning.scf.raml.LTECellBean,20.31%,51,13,9,6
,,com.hahaqu.em.bts.common.commissioning.scf.raml.CellBean,30.85%,65,29,11,3
,,com.hahaqu.em.bts.common.commissioning.scf.raml.CellMappingBean,45.00%,11,9,4,3
,,com.hahaqu.em.bts.common.commissioning.scf.raml.CellGroupBean,0.00%,14,0,5,0
,,com.hahaqu.em.bts.common.commissioning.scf.raml.FZCCellBean$1,0.00%,7,0,2,0
,,com.hahaqu.em.bts.common.commissioning.scf.raml.FZCCellBean,0.00%,60,0,13,0
,,com.hahaqu.em.bts.gui.tlap.component.module.APCell,0.00%,7,0,6,0
,,com.hahaqu.em.bts.gui.lnf.component.siteinfo.model.helper.LNFLCRHelper,0.00%,3,0,2,0
,,com.hahaqu.em.bts.common.hwmodel.AbstractCellModel$AntennaId,69.23%,8,18,0,5
,,com.hahaqu.em.bts.common.hwmodel.CellGroupModel,0.00%,135,0,37,0
,,com.hahaqu.em.bts.common.hwmodel.AbstractCellModel$2,0.00%,1,0,1,0
,,com.hahaqu.em.bts.common.hwmodel.AbstractCellModel$1,0.00%,4,0,2,0
,,com.hahaqu.em.bts.common.hwmodel.AbstractCellModel,42.29%,782,573,161,125
,,com.hahaqu.em.bts.common.hwmodel.CellPower,71.79%,33,84,7,18
,,com.hahaqu.em.bts.common.hwmodel.ExtPIMCancellationModel,0.00%,50,0,15,0
,,com.hahaqu.em.bts.gui.lte.eqview.block.LTECellBlockUnblock,0.00%,7,0,4,0
,,com.hahaqu.em.bts.gui.lte.view.action.rules.impl.DisableOnCellHasNoTestModelsRule,78.08%,16,57,0,7
,,com.hahaqu.em.bts.common.setrnd.view.table.SetRNDCellEditorFactory,0.00%,46,0,8,0
,,com.hahaqu.em.bts.common.component.siteinfo.model.helper.LCRHelper$2,0.00%,9,0,3,0
,,com.hahaqu.em.bts.common.component.siteinfo.model.helper.LCRHelper$1,0.00%,4,0,2,0
,,com.hahaqu.em.bts.common.component.siteinfo.model.helper.LCRHelper,0.00%,113,0,19,0
,,com.hahaqu.em.bts.gui.lnf.component.siteinfo.model.LNFLCRSiteInfoModel,0.00%,4,0,2,0
,,com.hahaqu.em.bts.common.commissioning.view.LCRView$11,0.00%,8,0,2,0
,,com.hahaqu.em.bts.common.commissioning.view.LCRView$10,0.00%,8,0,2,0
,,com.hahaqu.em.bts.common.commissioning.view.LCRView$RadioSiteIdTextField,0.00%,25,0,7,0
,,com.hahaqu.em.bts.common.commissioning.view.CommissioningStateIconListCellRenderer,85.00%,3,17,0,5
,,com.hahaqu.em.bts.common.commissioning.view.LCRView,48.32%,353,330,40,30
,,com.hahaqu.em.bts.common.commissioning.view.LCRView$CellListSelectionHandler,88.89%,1,8,0,2
,,com.hahaqu.em.bts.common.commissioning.view.LCRView$MyCellRenderer,80.00%,2,8,0,2
,,com.hahaqu.em.bts.common.commissioning.view.LCRView$1,0.00%,12,0,5,0
,,com.hahaqu.em.bts.common.commissioning.view.LCRView$3,20.00%,4,1,1,1
,,com.hahaqu.em.bts.common.commissioning.view.LCRView$2,0.00%,6,0,2,0
,,com.hahaqu.em.bts.common.commissioning.view.LCRView$5,33.33%,2,1,1,1
,,com.hahaqu.em.bts.common.commissioning.view.LCRView$4,33.33%,2,1,1,1
,,com.hahaqu.em.bts.common.commissioning.view.LCRView$7,6.67%,14,1,1,1
,,com.hahaqu.em.bts.common.commissioning.view.LCRView$6,33.33%,2,1,1,1
,,com.hahaqu.em.bts.common.commissioning.view.LCRView$9,33.33%,2,1,1,1
,,com.hahaqu.em.bts.common.commissioning.view.LCRView$8,25.00%,3,1,1,1
,,com.hahaqu.em.bts.common.srvc.view.keyfileconfiguration.custom.renderers.KeyFileConfigurationTextIconTableCellRenderer,0.00%,7,0,2,0
,,com.hahaqu.em.bts.common.srvc.view.keyfileconfiguration.custom.renderers.KeyFileConfigurationDefaultTableCellRenderer,0.00%,12,0,5,0
,,com.hahaqu.em.bts.gui.tdlte.commissioning.scf.TDLTENWCellBean,0.00%,50,0,26,0
,,com.hahaqu.em.bts.gui.tdlte.commissioning.scf.TDLTECellBean,0.00%,6,0,3,0
,,com.hahaqu.em.bts.common.commissioning.controller.LCRController,40.91%,52,36,4,5
,,com.hahaqu.em.bts.common.commissioning.controller.LocalCellSettingsController,0.00%,5,0,3,0
,,com.hahaqu.em.bts.gui.tdlte.commissioning.view.TDLTELCRView$5,0.00%,4,0,2,0
,,com.hahaqu.em.bts.gui.tdlte.commissioning.view.TDLTELCRView$4,0.00%,7,0,2,0
,,com.hahaqu.em.bts.gui.tdlte.commissioning.view.TDLTELCRView$3,0.00%,5,0,2,0
,,com.hahaqu.em.bts.gui.tdlte.commissioning.view.TDLTELCRView$2,0.00%,5,0,2,0
,,com.hahaqu.em.bts.gui.tdlte.commissioning.view.TDLTELCRView$1,0.00%,5,0,2,0
,,com.hahaqu.em.bts.gui.tdlte.commissioning.view.TDLTELCRView,0.00%,328,0,38,0
,,com.hahaqu.em.bts.gui.lnz.commissioning.model.LNZLCRModel,0.00%,58,0,16,0
,,com.hahaqu.em.bts.gui.lnz.commissioning.model.validator.TLFActFlexScellSelectRuleValidatorExtension,0.00%,6,0,3,0
,,com.hahaqu.em.bts.gui.lte.commissioning.view.CellTechnologyEnum,88.24%,2,15,2,8
,,com.hahaqu.em.bts.gui.lte.commissioning.view.CellTechnologyAndNBIOTModeEnum,77.78%,4,14,2,6
,,com.hahaqu.em.bts.gui.lte.commissioning.view.SpecificCellConfigEnum,100.00%,0,10,1,6
,,com.hahaqu.em.bts.gui.lte.commissioning.view.LTELCRView$SubCellCarrierPowerCellEditor,35.71%,9,5,2,1
,,com.hahaqu.em.bts.gui.lte.commissioning.view.LTELCRView,32.25%,1206,574,111,73
,,com.hahaqu.em.bts.gui.lte.commissioning.view.LTELCRView$SelectAllChkBox,0.00%,98,0,13,0
,,com.hahaqu.em.bts.gui.lte.commissioning.view.LTELCRView$11,5.56%,17,1,1,1
,,com.hahaqu.em.bts.gui.lte.commissioning.view.LTELCRView$10,16.67%,5,1,1,1
,,com.hahaqu.em.bts.gui.lte.commissioning.view.LTELCRView$SubCellSpinnerPTable,35.71%,9,5,3,1
,,com.hahaqu.em.bts.gui.lte.commissioning.view.LTELCRView$8,7.14%,13,1,1,1
,,com.hahaqu.em.bts.gui.lte.commissioning.view.LTELCRView$7,100.00%,0,5,0,1
,,com.hahaqu.em.bts.gui.lte.commissioning.view.LTELCRView$9,14.29%,6,1,1,1
,,com.hahaqu.em.bts.gui.lte.commissioning.view.LTELCRView$2,100.00%,0,6,0,1
,,com.hahaqu.em.bts.gui.lte.commissioning.view.LTELCRView$1,100.00%,0,3,0,2
,,com.hahaqu.em.bts.gui.lte.commissioning.view.LTELCRView$4,100.00%,0,5,0,1
,,com.hahaqu.em.bts.gui.lte.commissioning.view.LTELCRView$3,100.00%,0,4,0,1
,,com.hahaqu.em.bts.gui.lte.commissioning.view.LTELCRView$6,100.00%,0,4,0,1
,,com.hahaqu.em.bts.gui.lte.commissioning.view.LTELCRView$5,100.00%,0,3,0,1
,,com.hahaqu.em.bts.gui.tdlte.commissioning.model.TDLTELCRModel,0.00%,154,0,30,0
,,com.hahaqu.em.bts.gui.tdlte.commissioning.model.TDLTELCRModel$TDLTECellParametersHolder,0.00%,10,0,4,0
,,com.hahaqu.em.bts.gui.lnf.commissioning.controller.LNFLCRController,0.00%,105,0,15,0
,,com.hahaqu.em.bts.common.srvc.view.keyfileconfiguration.KeyFileConfigurationStateIconListCellRenderer,0.00%,13,0,3,0
,,com.hahaqu.em.bts.common.action.rules.impl.HideOnSmallCellRule,100.00%,0,3,0,1
,,com.hahaqu.em.bts.common.action.rules.impl.CellNotCommissionedRule,95.45%,1,21,0,5
,,com.hahaqu.em.bts.common.action.rules.impl.CellNotAllMIMOAndVAMRule,92.86%,1,13,0,4
,,com.hahaqu.em.bts.gui.tdlte.commissioning.controller.TDLTELCRController,0.00%,206,0,23,0
,,com.hahaqu.em.bts.gui.tdlte.commissioning.controller.TDLTELCRCellRules,0.00%,78,0,7,0
,,com.hahaqu.em.bts.gui.tdlte.commissioning.controller.TDLTELCRCellRules,0.00%,78,0,7,0
,,com.hahaqu.em.bts.gui.lnz.commissioning.view.LNZLCRView,0.00%,31,0,7,0
,,com.hahaqu.em.bts.gui.lnf.commissioning.view.LNFLCRView,0.00%,33,0,6,0
,,com.hahaqu.em.bts.gui.lte.commissioning.controller.LTELCRController,46.26%,237,204,6,39
,,com.hahaqu.em.bts.gui.lte.commissioning.controller.LTELCRCellRules,0.94%,105,1,19,1
,,com.hahaqu.em.bts.gui.lte.commissioning.controller.LTELCRCellRules,0.94%,105,1,19,1
,,com.hahaqu.em.bts.gui.flap.component.module.APCell,0.00%,7,0,6,0
Commissioning-Local Cell Settings,0.00%,com.hahaqu.em.bts.common.commissioning.view.eqview.LocalCellSettingsEQView,0.00%,22,0,2,0
,,com.hahaqu.em.bts.common.commissioning.model.LocalCellSettingsModel$OtherBBUMainsPowerAlarmIdDocumentListener,0.00%,15,0,5,0
,,com.hahaqu.em.bts.common.commissioning.model.LocalCellSettingsModel,0.00%,216,0,55,0
,,com.hahaqu.em.bts.common.commissioning.model.LocalCellSettingsModel$myIntegerDocument,0.00%,9,0,2,0
,,com.hahaqu.em.bts.common.commissioning.model.LocalCellSettingsModel$LocalCellListModel,0.00%,3,0,3,0
,,com.hahaqu.em.bts.common.commissioning.model.validator.LocalCellSettingsModelValidator,0.00%,21,0,3,0
,,com.hahaqu.em.bts.common.commissioning.controller.LocalCellSettingsController,0.00%,5,0,3,0
"Commissioning EAC (System Module External Fault and Control Settings), EAC for FHS, EAC in XLF XLC",31.43%,com.hahaqu.em.bts.gui.lnf.commissioning.model.validator.current.LNFSFNEACSettingsValidator,0.00%,51,0,13,0
,,com.hahaqu.em.bts.gui.lnf.commissioning.model.validator.current.LNFSystemEACSettingsValidator,0.00%,42,0,10,0
,,com.hahaqu.em.bts.gui.lte.commissioning.model.LTEEACSettingsModel,87.14%,9,61,1,14
,,com.hahaqu.em.bts.gui.lte.commissioning.model.LTEEACSettingsFHSModel,77.78%,2,7,0,3
,,com.hahaqu.em.bts.gui.lte.commissioning.model.LTEEACSettingsUIModel,73.17%,11,30,0,3
,,com.hahaqu.em.bts.gui.lte.commissioning.model.LTEEACRadioSettingsModel,100.00%,0,7,0,2
,,com.hahaqu.em.bts.gui.lte.commissioning.model.LTEEACSettingsControlsTableModel,33.33%,4,2,2,1
,,com.hahaqu.em.bts.gui.lnf.commissioning.model.LNFSystemEACSettingsModel,0.00%,62,0,11,0
,,com.hahaqu.em.bts.gui.lnf.commissioning.model.LNFSFNEACSettingsModel,0.00%,82,0,15,0
,,com.hahaqu.em.bts.gui.lnf.commissioning.view.eqview.LNFSFNEACSettingsEqView,0.00%,9,0,2,0
,,com.hahaqu.em.bts.gui.lnf.commissioning.view.eqview.LNFSystemEACSettingsEqView,0.00%,9,0,2,0
,,com.hahaqu.em.bts.common.commissioning.model.mdinitializer.EACSettingsRAMLMetadataInitializer,100.00%,0,24,0,2
,,com.hahaqu.em.bts.gui.lnf.commissioning.model.scfprocessor.LNFSystemEACSettingsSCFProcessor,0.00%,70,0,8,0
,,com.hahaqu.em.bts.gui.lnf.commissioning.model.scfprocessor.LNFSFNEACSettingsSCFProcessor,0.00%,77,0,12,0
,,com.hahaqu.em.bts.gui.lte.commissioning.model.validator.relatedcondition.MTRACEactPCMDReportingValidator,24.59%,46,15,23,7
,,com.hahaqu.em.bts.common.commissioning.view.eqview.EACSettingsSystemEQView,100.00%,0,9,0,2
,,com.hahaqu.em.bts.common.commissioning.view.eqview.EACSettingsRadioEqView,100.00%,0,11,0,2
,,com.hahaqu.em.bts.common.commissioning.view.eqview.EACSettingsFHSEqView,22.22%,7,2,1,1
,,com.hahaqu.em.bts.gui.lte.commissioning.model.scfprocessor.LTEEACSettingsSCFProcessor,34.62%,187,99,13,16
,,com.hahaqu.em.bts.gui.lte.commissioning.model.scfprocessor.LTEEACFHSSettingsSCFProcessor,20.83%,19,5,3,3
,,com.hahaqu.em.bts.gui.lte.commissioning.model.scfprocessor.LTEEACRadioSettingsSCFProcessor,72.73%,9,24,2,4
,,com.hahaqu.em.bts.common.commissioning.model.EACSettingsTableModel,78.08%,16,57,3,14
,,com.hahaqu.em.bts.common.commissioning.model.EACSettingsRadioTableModel,63.36%,48,83,3,8
,,com.hahaqu.em.bts.common.commissioning.model.EACSettingsUIModel$TableSelectionListener,90.00%,1,9,0,2
,,com.hahaqu.em.bts.common.commissioning.model.EACSettingLine$LineType,100.00%,0,2,2,2
,,com.hahaqu.em.bts.common.commissioning.model.EACSettingsModel,53.17%,281,319,37,56
,,com.hahaqu.em.bts.common.commissioning.model.EACSettingsAlarmsTableModel,55.56%,56,70,3,7
,,com.hahaqu.em.bts.common.commissioning.model.EACSettingsUIModel,97.37%,2,74,0,14
,,com.hahaqu.em.bts.common.commissioning.model.EACSettingsModel$EACSettingLineComparator,100.00%,0,10,0,2
,,com.hahaqu.em.bts.common.commissioning.model.EACSettingLine,54.39%,26,31,8,16
,,com.hahaqu.em.bts.common.commissioning.model.EACSettingsControlsTableModel,49.38%,41,40,2,7
,,com.hahaqu.em.bts.common.commissioning.test.EACFunctionalityTest$1,100.00%,0,3,0,2
,,com.hahaqu.em.bts.common.commissioning.test.EACFunctionalityTest,44.07%,33,26,11,6
,,com.hahaqu.em.bts.common.eac.snapshot.EACSnapshotHandler,0.00%,176,0,16,0
,,com.hahaqu.em.bts.common.eac.snapshot.EACTestSnapshotHandler,0.00%,13,0,3,0
,,com.hahaqu.em.bts.common.eac.snapshot.EACStateSnapShotHandler,0.00%,3,0,2,0
,,com.hahaqu.em.bts.common.commissioning.model.validator.EACModelValidator,36.36%,77,44,4,8
,,com.hahaqu.em.bts.common.hwmodel.EACLineModel,14.75%,52,9,19,3
,,com.hahaqu.em.bts.common.hwmodel.EACUnitModel,56.52%,10,13,8,6
,,com.hahaqu.em.bts.common.hwmodel.EACControlLineModel,22.58%,24,7,9,3
,,com.hahaqu.em.bts.common.hwmodel.EACAlarmLineModel,10.94%,57,7,14,3
,,com.hahaqu.em.bts.common.hwmodel.EACLineModel$SendingProgress,100.00%,0,6,2,2
,,com.hahaqu.em.bts.gui.lte.commissioning.model.holder.LTEActMBMSHelper,0.00%,45,0,19,0
,,com.hahaqu.em.bts.common.component.siteinfo.model.EACSettingsSiteInfoModel$EACSettingLineComparator,0.00%,7,0,2,0
,,com.hahaqu.em.bts.common.component.siteinfo.model.EACSettingsSiteInfoModel,0.00%,97,0,12,0
,,com.hahaqu.em.bts.common.component.siteinfo.model.EACSettingsSiteInfoModel$EACSupport,0.00%,6,0,3,0
,,com.hahaqu.em.bts.common.commissioning.view.EACSettingsRadioView$1,20.00%,4,1,1,1
,,com.hahaqu.em.bts.common.commissioning.view.EACSettingsView$AlarmTableColumnModelListner,71.43%,2,5,2,4
,,com.hahaqu.em.bts.common.commissioning.view.EACSettingsView$1,20.00%,4,1,1,1
,,com.hahaqu.em.bts.common.commissioning.view.EACSettingsRadioView,100.00%,0,26,0,3
,,com.hahaqu.em.bts.common.commissioning.view.EACSettingsSystemView,47.83%,12,11,0,4
,,com.hahaqu.em.bts.common.commissioning.view.EACSettingsView,90.36%,19,178,3,16
,,com.hahaqu.em.bts.common.commissioning.view.EACSettingsView$ControlTableColumnModelListner,42.86%,4,3,3,3
,,com.hahaqu.em.bts.common.commissioning.view.EACSettingsFHSView,8.70%,21,2,3,1
,,com.hahaqu.em.bts.common.eac.controller.EACTestController,0.00%,122,0,14,0
,,com.hahaqu.em.bts.common.eac.controller.EACStatusController,0.00%,32,0,6,0
,,com.hahaqu.em.bts.common.eac.controller.EACTestController$MyReportTableModel,0.00%,11,0,5,0
,,com.hahaqu.em.bts.common.eac.view.EACView,0.00%,273,0,25,0
,,com.hahaqu.em.bts.common.eac.view.EACTestView,0.00%,39,0,3,0
,,com.hahaqu.em.bts.common.eac.view.EACTestView$1,0.00%,3,0,2,0
,,com.hahaqu.em.bts.common.eac.view.EACProgressCellRenderer,0.00%,25,0,2,0
,,com.hahaqu.em.bts.common.eac.view.EACView$2,0.00%,6,0,2,0
,,com.hahaqu.em.bts.common.eac.view.EACView$1,0.00%,3,0,2,0
,,com.hahaqu.em.bts.common.eac.view.EACProgressCellRenderer$CellImageObserver,0.00%,7,0,2,0
,,com.hahaqu.em.bts.common.eac.view.EACCheckBoxHeaderRenderer,0.00%,6,0,2,0
,,com.hahaqu.em.bts.common.eac.view.EACStatusView,0.00%,31,0,2,0
,,com.hahaqu.em.bts.common.commissioning.controller.EACSettingsFHSController,40.74%,16,11,3,2
,,com.hahaqu.em.bts.common.commissioning.controller.EACSettingsSystemController,84.00%,4,21,2,3
,,com.hahaqu.em.bts.common.commissioning.controller.EACSettingsController,50.00%,6,6,2,2
,,com.hahaqu.em.bts.common.commissioning.controller.EACSettingsRadioController,70.59%,5,12,3,4
,,com.hahaqu.em.bts.common.commissioning.model.scfprocessor.EACSettingsSCFProcessor,2.29%,171,4,13,1
,,com.hahaqu.em.bts.common.commissioning.model.scfprocessor.EACSettingsSCFProcessor$ModuleType,0.00%,2,0,4,0
,,com.hahaqu.em.bts.common.eac.model.EACTestLine,0.00%,117,0,20,0
,,com.hahaqu.em.bts.common.eac.model.EACModel,26.06%,139,49,20,7
,,com.hahaqu.em.bts.common.eac.model.EACStatusTableModel,0.00%,34,0,5,0
,,com.hahaqu.em.bts.common.eac.model.EACTestAlarmTableModel,0.00%,25,0,4,0
,,com.hahaqu.em.bts.common.eac.model.EACLine$InitialState,100.00%,0,4,2,2
,,com.hahaqu.em.bts.common.eac.model.EACStatusControlsTableModel,0.00%,27,0,6,0
,,com.hahaqu.em.bts.common.eac.model.EACLine,65.82%,27,52,7,26
,,com.hahaqu.em.bts.common.eac.model.EACTestControlsTableModel,0.00%,48,0,7,0
,,com.hahaqu.em.bts.common.eac.model.EACUIModel$1,0.00%,6,0,2,0
,,com.hahaqu.em.bts.common.eac.model.EACTestLine$TestStatus,0.00%,4,0,4,0
,,com.hahaqu.em.bts.common.eac.model.EACLine$1,5.00%,19,1,1,1
,,com.hahaqu.em.bts.common.eac.model.EACTableModel,0.00%,115,0,24,0
,,com.hahaqu.em.bts.common.eac.model.EACUIModel$ViewType,0.00%,3,0,4,0
,,com.hahaqu.em.bts.common.eac.model.EACUIModel,0.00%,71,0,15,0
,,com.hahaqu.em.bts.common.eac.model.EACLine$Polarity,100.00%,0,4,2,2
,,com.hahaqu.em.bts.common.eac.model.EACLine$Severity,100.00%,0,5,2,2
,,com.hahaqu.em.bts.gui.lte.commissioning.view.LTEEACSettingsRadioView,100.00%,0,27,0,2
,,com.hahaqu.em.bts.gui.tdlte.commissioning.model.TDLTEEACSettingsModel,0.00%,58,0,6,0
,,com.hahaqu.em.bts.gui.lnf.commissioning.controller.LNFSystemEACSettingsController,0.00%,16,0,3,0
,,com.hahaqu.em.bts.gui.lnf.commissioning.controller.LNFSFNEACSettingsController,0.00%,20,0,3,0
,,com.hahaqu.em.bts.gui.lnf.commissioning.view.LNFSFNEACSettingsView,0.00%,10,0,4,0
,,com.hahaqu.em.bts.gui.lnf.commissioning.view.LNFSystemEACSettingsView,0.00%,10,0,4,0
,,com.hahaqu.em.bts.gui.lte.commissioning.controller.LTEEACSettingsRadioController,100.00%,0,4,0,1
Commissioning-Site Testing,20.30%,com.hahaqu.em.bts.gui.tdlte.commissioning.test.TDLTETestModel,0.00%,3,0,2,0
,,com.hahaqu.em.sitemgr.services.commission.groups.TestGroupInitializer,100.00%,0,7,0,2
,,com.hahaqu.em.bts.common.commissioning.test.EACFunctionalityTest$1,100.00%,0,3,0,2
,,com.hahaqu.em.bts.common.commissioning.test.EACFunctionalityTest,44.07%,33,26,11,6
,,com.hahaqu.em.bts.gui.lte.commissioning.test.LTETestModel,22.97%,57,17,12,6
,,com.hahaqu.em.sitemgr.services.commission.Test$AdditionalInfo,0.00%,2,0,4,0
,,com.hahaqu.em.sitemgr.services.commission.Test,44.74%,21,17,8,6
,,com.hahaqu.em.sitemgr.services.commission.Test$Status,100.00%,0,2,2,2
,,com.hahaqu.em.sitemgr.gui.commission.pages.TestView$ResultPanel,0.00%,8,0,3,0
,,com.hahaqu.em.sitemgr.gui.commission.pages.TestView,1.11%,178,2,12,1
,,com.hahaqu.em.sitemgr.gui.commission.pages.TestView$1,0.00%,7,0,2,0
,,com.hahaqu.em.sitemgr.gui.commission.pages.TestView$2,0.00%,4,0,2,0
,,com.hahaqu.em.sitemgr.gui.commission.pages.TestPage,47.06%,9,8,5,2
Commissioning-Module Settings,43.75%,com.hahaqu.em.bts.gui.lte.commissioning.model.LTERadioTableModel,72.15%,22,57,4,12
,,com.hahaqu.em.bts.gui.lte.commissioning.model.LTESMLinkModeData,23.08%,50,15,7,4
,,com.hahaqu.em.bts.gui.lte.commissioning.model.LTESMLinkSpeedData,35.84%,281,157,27,39
,,com.hahaqu.em.bts.gui.lte.commissioning.model.LTEModuleDefinition,76.40%,21,68,13,18
,,com.hahaqu.em.bts.gui.lte.commissioning.model.LTEModuleClimateData,61.86%,37,60,8,19
,,com.hahaqu.em.bts.gui.lte.commissioning.model.LTELinkSettingsData,56.52%,20,26,10,10
,,com.hahaqu.em.bts.gui.lte.commissioning.model.LTEFHSTableModel,18.33%,49,11,7,5
,,com.hahaqu.em.bts.gui.lte.commissioning.model.LTEModuleSettingsModel,45.73%,1126,949,86,120
,,com.hahaqu.em.bts.gui.lte.commissioning.model.LTEModuleSettingsModel$1,100.00%,0,2,0,2
,,com.hahaqu.em.bts.gui.lte.commissioning.model.LTEModuleSettingsModel$2,50.00%,1,1,1,1
,,com.hahaqu.em.bts.gui.lte.commissioning.model.LTEModuleSettingsModel$3,50.00%,1,1,1,1
,,com.hahaqu.em.bts.gui.lte.commissioning.model.LTEModuleSettingsModel$4,50.00%,1,1,1,1
,,com.hahaqu.em.bts.gui.lte.commissioning.model.LTEModuleSettingsModel$5,50.00%,1,1,1,1
,,com.hahaqu.em.bts.gui.lte.commissioning.model.LTESystemControlTableModel,57.23%,71,95,3,13
,,com.hahaqu.em.bts.gui.lte.commissioning.model.LTESystemAndFSPTableModel,76.67%,14,46,2,10
,,com.hahaqu.em.bts.common.commissioning.model.mdinitializer.ModuleSettingsModelInitializer,95.12%,2,39,0,4
,,com.hahaqu.em.bts.gui.lte.commissioning.model.initializer.LTEModuleSettingsModelInitializer,99.19%,1,122,0,10
,,com.hahaqu.em.bts.common.commissioning.view.eqview.ModuleSettingsEqView,100.00%,0,12,0,2
,,com.hahaqu.em.bts.gui.lte.commissioning.model.scfprocessor.LTEModuleSettingsSCFProcessor,52.52%,132,146,14,16
,,com.hahaqu.em.bts.common.commissioning.model.BTSConnector,0.00%,41,0,18,0
,,com.hahaqu.em.bts.common.commissioning.model.ModuleSettingsModel$1,0.00%,2,0,2,0
,,com.hahaqu.em.bts.common.commissioning.model.ModuleSettingParametersHolder,39.29%,17,11,10,4
,,com.hahaqu.em.bts.common.commissioning.model.ModuleSettingsModel,19.92%,205,51,32,11
,,com.hahaqu.em.bts.common.commissioning.model.BTSCabLink,33.33%,48,24,16,12
,,com.hahaqu.em.bts.common.commissioning.model.ModuleSettingsModel$ModuleType,80.00%,1,4,2,3
,,com.hahaqu.em.bts.common.commissioning.model.validator.ModuleSettingsModelValidator,100.00%,0,4,0,2
,,com.hahaqu.em.bts.common.component.siteinfo.model.helper.ModuleSettingsHelper$1,0.00%,18,0,2,0
,,com.hahaqu.em.bts.common.component.siteinfo.model.helper.ModuleSettingsHelper,0.00%,131,0,18,0
,,com.hahaqu.em.bts.common.commissioning.view.ModuleSettingsView$1,0.00%,18,0,2,0
,,com.hahaqu.em.bts.common.commissioning.view.ModuleSettingsView,18.89%,73,17,10,7
,,com.hahaqu.em.bts.common.commissioning.view.ModuleSettingsView$MutexTableSelectionListener,85.00%,3,17,2,7
,,com.hahaqu.em.bts.common.commissioning.controller.ModuleSettingsController,81.25%,3,13,2,3
,,com.hahaqu.em.bts.common.commissioning.model.scfprocessor.ModuleSettingsSCFProcessor,1.96%,50,1,5,1
,,com.hahaqu.em.bts.gui.lte.commissioning.view.LTEModuleSettingsView$SystemComboBoxCellEditor,6.35%,59,4,2,1
,,com.hahaqu.em.bts.gui.lte.commissioning.view.LTEModuleSettingsView$LinkModeChangeListener,0.00%,14,0,4,0
,,com.hahaqu.em.bts.gui.lte.commissioning.view.LTEModuleSettingsView$RadioComboboxCellEditor,13.79%,25,4,1,1
,,com.hahaqu.em.bts.gui.lte.commissioning.view.LTEModuleSettingsView$FHSComboboxCellEditor,13.79%,25,4,1,1
,,com.hahaqu.em.bts.gui.lte.commissioning.view.LTEModuleSettingsView$2,16.67%,5,1,1,1
,,com.hahaqu.em.bts.gui.lte.commissioning.view.LTEModuleSettingsView$1,80.00%,1,4,0,3
,,com.hahaqu.em.bts.gui.lte.commissioning.view.LTEModuleSettingsView,49.63%,203,200,20,21
,,com.hahaqu.em.bts.gui.lte.commissioning.view.LTEModuleSettingsView$BBComboboxCellEditor,13.79%,25,4,1,1
,,com.hahaqu.em.bts.gui.lte.commissioning.view.LTEModuleSettingsView$LinkSpeedChangeListener,0.00%,18,0,4,0
,,com.hahaqu.em.bts.gui.lte.commissioning.view.LTEModuleSettingsView$ENUM_BALLOON_TYPE,0.00%,4,0,4,0
,,com.hahaqu.em.bts.gui.lte.commissioning.controller.LTEModuleSettingsController,62.30%,23,38,0,3
Commissioning-Configuration Change Notifications (CCNs),69.57%,com.hahaqu.em.bts.common.scf.CCNProcessResult$CCN_PROCESSED_RESULT,100.00%,0,2,2,2
,,com.hahaqu.em.bts.common.scf.CCNProcessResult,90.24%,4,37,0,10
,,com.hahaqu.em.bts.common.scf.ManagementObjectProcessResult$PROCESSRESULTS,100.00%,0,2,2,2
,,com.hahaqu.em.bts.common.scf.ConfigurationChangeReceiver,77.93%,79,279,5,43
,,com.hahaqu.em.bts.common.scf.ManagementObjectProcessResult,82.35%,3,14,2,7
,,com.hahaqu.em.bts.common.scf.ConfigurationChangeReceiver$1,100.00%,0,4,0,2
,,com.hahaqu.em.bts.common.scf.ConfigurationChangeReceiver$2,100.00%,0,5,0,2
,,com.hahaqu.em.bts.common.scf.ConfigurationChangeObject,43.20%,96,73,7,8
Commissioning-ALD area,44.47%,com.hahaqu.em.bts.gui.lnf.commissioning.model.validator.current.LNFAntennaSettingsValidator,0.00%,2,0,2,0
,,com.hahaqu.em.bts.gui.lte.commissioning.model.MicroALSModel,0.00%,26,0,8,0
,,com.hahaqu.em.bts.gui.lte.commissioning.model.LTERETManagementTableModel,0.00%,53,0,13,0
,,com.hahaqu.em.bts.gui.lte.commissioning.model.LTERETSettingsModel$LTERETDetectionSourceSelector,5.56%,17,1,2,1
,,com.hahaqu.em.bts.gui.lte.commissioning.model.LTEAntennaSettings$PHYANTDocumentListener,12.50%,7,1,4,1
,,com.hahaqu.em.bts.gui.lte.commissioning.model.LTEAntennaSettings$PHYANTProCodeDocListener,33.33%,2,1,1,1
,,com.hahaqu.em.bts.gui.lte.commissioning.model.LTEAntennaSettings,57.26%,53,71,18,25
,,com.hahaqu.em.bts.gui.lte.commissioning.model.LTEPassiveMHASettings,0.00%,2,0,1,0
,,com.hahaqu.em.bts.gui.lte.commissioning.model.LTEAISGMHASettingsModel,60.12%,136,205,20,44
,,com.hahaqu.em.bts.gui.lte.commissioning.model.LTEALDSettingsModel,54.30%,101,120,14,24
,,com.hahaqu.em.bts.gui.lte.commissioning.model.LTEAntennaSettings$PHYANTSerialNumListener,33.33%,2,1,1,1
,,com.hahaqu.em.bts.gui.lte.commissioning.model.LTEAISGMHASettingsModel$1,11.11%,8,1,2,1
,,com.hahaqu.em.bts.gui.lte.commissioning.model.LTEAISGMHASettingsModel$2,11.11%,8,1,2,1
,,com.hahaqu.em.bts.gui.lte.commissioning.model.LTEAISGMHASettingsModel$LTEDetectedFromItemSelector,6.25%,15,1,2,1
,,com.hahaqu.em.bts.gui.lte.commissioning.model.MicroAntennaSettings,0.00%,11,0,7,0
,,com.hahaqu.em.bts.gui.lte.commissioning.model.LTEALSModel,48.65%,362,343,41,50
,,com.hahaqu.em.bts.gui.lte.commissioning.model.ALDManagementProtocolTableModel,36.73%,31,18,8,7
,,com.hahaqu.em.bts.gui.lte.commissioning.model.ALDManagementProtocolData,0.00%,7,0,4,0
,,com.hahaqu.em.bts.gui.lte.commissioning.model.LTERETSettingsModel,25.30%,189,64,24,18
,,com.hahaqu.em.bts.gui.lte.commissioning.model.LTEAISGMHASettingsModel$CellConfType,100.00%,0,2,2,2
,,com.hahaqu.em.bts.common.antenna.rae.RaeWeightFactorsTab,0.00%,272,0,25,0
,,com.hahaqu.em.bts.common.antenna.rae.RaeManagementTab$4,0.00%,3,0,2,0
,,com.hahaqu.em.bts.common.antenna.rae.RaeManagementTab$3,0.00%,3,0,2,0
,,com.hahaqu.em.bts.common.antenna.rae.RaeManagementTab$2,0.00%,3,0,2,0
,,com.hahaqu.em.bts.common.antenna.rae.RaeManagementTab$1,0.00%,4,0,2,0
,,com.hahaqu.em.bts.common.antenna.rae.RaeManagementTab$6,0.00%,1,0,1,0
,,com.hahaqu.em.bts.common.antenna.rae.RaeManagementTab$5,0.00%,3,0,2,0
,,com.hahaqu.em.bts.common.antenna.rae.RaeView$RaeUnitsTable,0.00%,18,0,3,0
,,com.hahaqu.em.bts.common.antenna.rae.RaeDetailsData,0.00%,16,0,8,0
,,com.hahaqu.em.bts.common.antenna.rae.RaeFilesTableModel,0.00%,32,0,8,0
,,com.hahaqu.em.bts.common.antenna.rae.RaeUnitModel$RaeRequestFailedReason,0.00%,2,0,4,0
,,com.hahaqu.em.bts.common.antenna.rae.RaeSelectedData,0.00%,19,0,13,0
,,com.hahaqu.em.bts.common.antenna.rae.RaeWeightFactorsTableModel,0.00%,39,0,9,0
,,com.hahaqu.em.bts.common.antenna.rae.RaeController,0.00%,3,0,2,0
,,com.hahaqu.em.bts.common.antenna.rae.RaeWeightFactorsTab$1,0.00%,1,0,1,0
,,com.hahaqu.em.bts.common.antenna.rae.RaeViewUtils,0.00%,33,0,10,0
,,com.hahaqu.em.bts.common.antenna.rae.AbstractRaeTab$1,0.00%,1,0,1,0
,,com.hahaqu.em.bts.common.antenna.rae.RaeUnitModel,0.00%,301,0,59,0
,,com.hahaqu.em.bts.common.antenna.rae.RaeDirectionData,0.00%,14,0,3,0
,,com.hahaqu.em.bts.common.antenna.rae.RaeManagementTab$AllFileFilter,0.00%,4,0,3,0
,,com.hahaqu.em.bts.common.antenna.rae.RaeUnitsTableModel,0.00%,28,0,11,0
,,com.hahaqu.em.bts.common.antenna.rae.RaeManagementTab$RAEFileTableCellRenderer,0.00%,13,0,2,0
,,com.hahaqu.em.bts.common.antenna.rae.RaeUnitData,0.00%,162,0,56,0
,,com.hahaqu.em.bts.common.antenna.rae.RaeWeightTableData,0.00%,24,0,7,0
,,com.hahaqu.em.bts.common.antenna.rae.RaeModelListener$RaeOperateSource,0.00%,9,0,4,0
,,com.hahaqu.em.bts.common.antenna.rae.AbstractRaeTab,0.00%,25,0,12,0
,,com.hahaqu.em.bts.common.antenna.rae.RaeView$1,0.00%,3,0,1,0
,,com.hahaqu.em.bts.common.antenna.rae.RaeControllerImpl,0.00%,20,0,6,0
,,com.hahaqu.em.bts.common.antenna.rae.AbstractRaeTab$RaeComboBoxRender,0.00%,8,0,2,0
,,com.hahaqu.em.bts.common.antenna.rae.RaeModelListener$RaeOperateState,0.00%,5,0,4,0
,,com.hahaqu.em.bts.common.antenna.rae.RaeManagementTab,0.00%,183,0,23,0
,,com.hahaqu.em.bts.common.antenna.rae.RaeView,0.00%,396,0,38,0
,,com.hahaqu.em.bts.common.antenna.rae.AbstractRaeTab$RaeComboBox,0.00%,16,0,3,0
,,com.hahaqu.em.bts.common.antenna.rae.RaeBeamData,0.00%,20,0,4,0
,,com.hahaqu.em.bts.gui.tdlte.commissioning.model.scfprocessor.TDLTERETSettingsSCFProcessor,0.00%,95,0,11,0
,,com.hahaqu.em.bts.gui.lnf.commissioning.model.LNFALSModel,0.00%,3,0,2,0
,,com.hahaqu.em.bts.gui.lnf.commissioning.model.LNFAntennaSettings,0.00%,4,0,2,0
,,com.hahaqu.em.bts.gui.lnz.commissioning.model.initializer.LNZALSRAMLMetadataInitializer,0.00%,5,0,2,0
,,com.hahaqu.em.bts.common.commissioning.model.mdinitializer.ALSRAMLMetadataInitializer,92.70%,17,216,1,19
,,com.hahaqu.em.bts.common.component.module.ModuleRaeImpl,0.00%,186,0,33,0
,,com.hahaqu.em.bts.common.component.module.ModuleRaeUI,0.00%,31,0,7,0
,,com.hahaqu.em.bts.common.component.module.ModuleMHA,12.14%,275,38,28,9
,,com.hahaqu.em.bts.gui.lnf.commissioning.model.scfprocessor.LNFALSSCFProcessor,0.00%,2,0,2,0
,,com.hahaqu.em.bts.gui.lnf.commissioning.model.initializer.LNFALSRAMLMetadataInitializer,0.00%,5,0,2,0
,,com.hahaqu.em.bts.gui.tdlte.commissioning.model.initializer.TDLTEALSRAMLMetadataInitializer,0.00%,35,0,2,0
,,com.hahaqu.em.bts.gui.lte.component.siteinfo.model.LTEALSSiteInfoModel,0.00%,252,0,29,0
,,com.hahaqu.em.bts.gui.lte.component.siteinfo.model.MicroALSSiteInfoModel,0.00%,18,0,4,0
,,com.hahaqu.em.bts.gui.lte.commissioning.model.initializer.LTERETSettingsRAMLMetadataInitializer,100.00%,0,19,0,3
,,com.hahaqu.em.bts.gui.lte.commissioning.model.initializer.LTEALSRAMLMetadataInitializer,100.00%,0,34,0,6
,,com.hahaqu.em.bts.common.commissioning.scf.raml.runtimeSynchronize.rule.LNAAutoCommissionRule,0.00%,8,0,4,0
,,com.hahaqu.em.bts.gui.lnz.commissioning.model.validator.current.LNZAntennaSettingsValidator,0.00%,2,0,2,0
,,com.hahaqu.em.bts.gui.lte.commissioning.model.validator.relatedcondition.LTEDuplicatedALDsValidator,59.09%,9,13,1,3
,,com.hahaqu.em.bts.common.commissioning.view.eqview.AISGMHAEQView,83.33%,5,25,0,3
,,com.hahaqu.em.bts.common.commissioning.view.eqview.ALSEQView,78.12%,7,25,0,4
,,com.hahaqu.em.bts.common.commissioning.view.eqview.RETManagementEQView,87.50%,1,7,0,3
,,com.hahaqu.em.bts.common.commissioning.view.eqview.RETSettingsEQView,52.94%,8,9,0,5
,,com.hahaqu.em.bts.common.commissioning.view.eqview.TiltSettingsEQView,90.62%,3,29,1,7
,,com.hahaqu.em.bts.gui.lte.commissioning.model.scfprocessor.LTEALSSCFProcessor,47.13%,295,263,28,50
,,com.hahaqu.em.bts.gui.lte.commissioning.model.scfprocessor.MicroALSSCFProcessor,0.00%,44,0,6,0
,,com.hahaqu.em.bts.gui.lte.commissioning.model.scfprocessor.LTERETManagementSCFProcessor,0.00%,25,0,5,0
,,com.hahaqu.em.bts.gui.lte.commissioning.model.scfprocessor.LTERETSettingsSCFProcessor,30.19%,296,128,18,30
,,com.hahaqu.em.bts.common.commissioning.model.MHASettings$MHAProCodeDocListener,100.00%,0,4,0,2
,,com.hahaqu.em.bts.common.commissioning.model.RETSettings$UserNote1DocumentListener,33.33%,2,1,1,1
,,com.hahaqu.em.bts.common.commissioning.model.ALSModel,57.67%,364,496,48,88
,,com.hahaqu.em.bts.common.commissioning.model.AISGMHASettingsModel$1,100.00%,0,4,0,2
,,com.hahaqu.em.bts.common.commissioning.model.RETSettingsModel$RETDetectionSourceSelector,25.00%,6,2,1,2
,,com.hahaqu.em.bts.common.commissioning.model.RETSettingsModel,51.88%,435,469,52,108
,,com.hahaqu.em.bts.common.commissioning.model.AISGMHASettingsModel$DetectedFromItemSelector,15.38%,11,2,1,2
,,com.hahaqu.em.bts.common.commissioning.model.ALSModel$3,17.65%,14,3,1,2
,,com.hahaqu.em.bts.common.commissioning.model.ALSModel$4,14.29%,6,1,2,1
,,com.hahaqu.em.bts.common.commissioning.model.ALSModel$1,100.00%,0,4,0,2
,,com.hahaqu.em.bts.common.commissioning.model.ALSModel$2,50.00%,2,2,1,2
,,com.hahaqu.em.bts.common.commissioning.model.TiltAntennaStorage,14.29%,24,4,5,1
,,com.hahaqu.em.bts.common.commissioning.model.PassiveMHASettings,0.00%,47,0,15,0
,,com.hahaqu.em.bts.common.commissioning.model.MHASettings,51.46%,199,211,36,54
,,com.hahaqu.em.bts.common.commissioning.model.RETSettings$SRCUDocumentListener,50.00%,1,1,1,1
,,com.hahaqu.em.bts.common.commissioning.model.RETSettings$SerialNumberDocumentListener,33.33%,2,1,1,1
,,com.hahaqu.em.bts.common.commissioning.model.RETSettingsModel$DefaultUnitButtongModel,12.50%,7,1,1,1
,,com.hahaqu.em.bts.common.commissioning.model.RETManagementTableModel,66.27%,56,110,6,35
,,com.hahaqu.em.bts.common.commissioning.model.AISGMHASettingsModel,55.32%,294,364,35,71
,,com.hahaqu.em.bts.common.commissioning.model.AISGMHASettingsModel$AntennaItemSelector,33.33%,4,2,1,2
,,com.hahaqu.em.bts.common.commissioning.model.ALDSettingsModel,51.34%,182,192,18,46
,,com.hahaqu.em.bts.common.commissioning.model.AISGMHASettingsModel$LNANumberDocListener,0.00%,4,0,2,0
,,com.hahaqu.em.bts.common.commissioning.model.MHASettings$MHASerialNumListener,100.00%,0,4,0,2
,,com.hahaqu.em.bts.common.commissioning.model.RETSettings$ProductCodeDocumentListener,33.33%,2,1,1,1
,,com.hahaqu.em.bts.common.commissioning.model.AntennaSettings$TXCHANNELValidator,57.89%,8,11,0,4
,,com.hahaqu.em.bts.common.commissioning.model.AISGMHASettingsModel$MHATypeItemSelector,4.00%,24,1,2,1
,,com.hahaqu.em.bts.common.commissioning.model.AntennaSettings,64.45%,150,272,44,107
,,com.hahaqu.em.bts.common.commissioning.model.DCPowerSourceTableModel,56.33%,69,89,9,27
,,com.hahaqu.em.bts.common.commissioning.model.RETSettings,62.11%,144,236,24,55
,,com.hahaqu.em.bts.common.commissioning.model.RETSettingsModel$2,100.00%,0,4,0,2
,,com.hahaqu.em.bts.common.commissioning.model.RETSettingsModel$1,25.00%,3,1,1,1
,,com.hahaqu.em.bts.common.commissioning.model.RETSettings$UserNote2DocumentListener,33.33%,2,1,1,1
,,com.hahaqu.em.bts.common.commissioning.model.AntennaSettings$AntennaSettingsDocumentListener,71.43%,2,5,1,3
,,com.hahaqu.em.bts.common.commissioning.model.RETSettings$TiltDocumentListener,45.45%,6,5,2,3
,,com.hahaqu.em.bts.common.commissioning.model.MHASettings$MHADocumentListener,77.78%,2,7,1,4
,,com.hahaqu.em.bts.common.commissioning.model.RETSettings$AntennaUnitNumberDocumentListener,20.00%,4,1,1,1
,,com.hahaqu.em.bts.gui.tdlte.commissioning.model.validator.relatedcondition.TDLTEDuplicatedALDsValidator,0.00%,3,0,2,0
,,com.hahaqu.em.bts.gui.lte.commissioning.model.validator.current.LTERETSettingsModelValidator,100.00%,0,1,0,1
,,com.hahaqu.em.bts.gui.lte.commissioning.model.validator.current.LTEALSModelValidator,28.70%,164,66,6,10
,,com.hahaqu.em.bts.common.commissioning.model.validator.RETSettingsModelValidator,70.59%,25,60,3,12
,,com.hahaqu.em.bts.common.commissioning.model.validator.AntennaSettingsValidator,60.00%,6,9,0,4
,,com.hahaqu.em.bts.common.commissioning.model.validator.ALSModelValidator,46.15%,49,42,11,6
,,com.hahaqu.em.bts.common.commissioning.model.validator.AISGMHASettingsModelValidator,66.67%,6,12,0,4
,,com.hahaqu.em.bts.common.commissioning.scf.raml.RETUConfileApplyResBean,0.00%,6,0,4,0
,,com.hahaqu.em.bts.common.commissioning.scf.raml.RETUCalReqBean,57.14%,12,16,4,5
,,com.hahaqu.em.bts.common.commissioning.scf.raml.ALDBean,75.29%,21,64,7,24
,,com.hahaqu.em.bts.common.commissioning.scf.raml.RETUCalResBean,0.00%,6,0,4,0
,,com.hahaqu.em.bts.common.commissioning.scf.raml.RETBean,57.14%,18,24,8,10
,,com.hahaqu.em.bts.common.commissioning.scf.raml.RETUConfileApplyReqBean,0.00%,30,0,9,0
,,com.hahaqu.em.bts.common.hwmodel.MHAModel,39.76%,203,134,28,44
,,com.hahaqu.em.bts.common.hwmodel.RAEModel,0.00%,173,0,54,0
,,com.hahaqu.em.bts.common.hwmodel.RAEModel$RAEComparator,0.00%,14,0,4,0
,,com.hahaqu.em.bts.common.hwmodel.MHAModel$SubunitType,0.00%,7,0,5,0
,,com.hahaqu.em.bts.gui.lnz.commissioning.model.scfprocessor.LNZALSSCFProcessor,0.00%,2,0,2,0
,,com.hahaqu.em.bts.common.commissioning.view.AISGMHASettingsView,68.44%,148,321,39,31
,,com.hahaqu.em.bts.common.commissioning.view.RETManangementTable,72.15%,22,57,1,10
,,com.hahaqu.em.bts.common.commissioning.view.AISGMHASettingsView$MHAListIconRender,80.00%,8,32,0,5
,,com.hahaqu.em.bts.common.commissioning.view.RETSettingsView$UnitListIconRender,78.95%,8,30,0,5
,,com.hahaqu.em.bts.common.commissioning.view.AISGMHASettingsView$MHAListSelectionHandler,25.00%,3,1,1,1
,,com.hahaqu.em.bts.common.commissioning.view.ALSView,82.50%,108,509,16,76
,,com.hahaqu.em.bts.common.commissioning.view.AntennaDeviceAdditionalDataPanel$10,50.00%,1,1,1,1
,,com.hahaqu.em.bts.common.commissioning.view.AntennaDeviceAdditionalDataPanel,48.74%,204,194,17,20
,,com.hahaqu.em.bts.common.commissioning.view.RETAdditionalDataPanel,79.31%,18,69,3,6
,,com.hahaqu.em.bts.common.commissioning.view.RETAdditionalDataPanel,79.31%,18,69,3,6
,,com.hahaqu.em.bts.common.commissioning.view.RETAntennasTable,69.70%,10,23,2,4
,,com.hahaqu.em.bts.common.commissioning.view.ALSView$AntennaListSelectionHandler,6.25%,15,1,1,1
,,com.hahaqu.em.bts.common.commissioning.view.ALSMHAInfoView$2,50.00%,6,6,0,2
,,com.hahaqu.em.bts.common.commissioning.view.ALSMHAInfoView$2,50.00%,6,6,0,2
,,com.hahaqu.em.bts.common.commissioning.view.ALSMHAInfoView$1,9.09%,10,1,1,1
,,com.hahaqu.em.bts.common.commissioning.view.ALSMHAInfoView$1,9.09%,10,1,1,1
,,com.hahaqu.em.bts.common.commissioning.view.ALSMHAInfoView$4,20.00%,4,1,1,1
,,com.hahaqu.em.bts.common.commissioning.view.ALSMHAInfoView$4,20.00%,4,1,1,1
,,com.hahaqu.em.bts.common.commissioning.view.ALSMHAInfoView$3,20.00%,4,1,1,1
,,com.hahaqu.em.bts.common.commissioning.view.ALSMHAInfoView$3,20.00%,4,1,1,1
,,com.hahaqu.em.bts.common.commissioning.view.RETManagementView$1,0.00%,3,0,2,0
,,com.hahaqu.em.bts.common.commissioning.view.ALSView$TxAttenuationOrGainAction,33.33%,8,4,1,1
,,com.hahaqu.em.bts.common.commissioning.view.AISGMHASettingsView$7,0.00%,4,0,2,0
,,com.hahaqu.em.bts.common.commissioning.view.AISGMHASettingsView$6,0.00%,4,0,3,0
,,com.hahaqu.em.bts.common.commissioning.view.RETSettingsView$ListSelectionHandler,20.00%,4,1,1,1
,,com.hahaqu.em.bts.common.commissioning.view.AISGMHASettingsView$5,0.00%,4,0,3,0
,,com.hahaqu.em.bts.common.commissioning.view.AISGMHASettingsView$4,4.55%,42,2,1,1
,,com.hahaqu.em.bts.common.commissioning.view.AISGMHASettingsView$3,0.00%,3,0,2,0
,,com.hahaqu.em.bts.common.commissioning.view.AISGMHASettingsView$2,33.33%,2,1,1,1
,,com.hahaqu.em.bts.common.commissioning.view.AISGMHASettingsView$1,33.33%,2,1,1,1
,,com.hahaqu.em.bts.common.commissioning.view.RETSettingsView$UsedInAction,66.67%,2,4,1,1
,,com.hahaqu.em.bts.common.commissioning.view.RETManagementView,80.21%,56,227,2,33
,,com.hahaqu.em.bts.common.commissioning.view.AISGMHASettingsView$UsedInAction,57.14%,3,4,1,1
,,com.hahaqu.em.bts.common.commissioning.view.RETAntennasTable$1,100.00%,0,6,0,2
,,com.hahaqu.em.bts.common.commissioning.view.AntennaDeviceAdditionalDataPanel$DocumentListenerAdapter,10.00%,9,1,4,1
,,com.hahaqu.em.bts.common.commissioning.view.RETSettingsView,63.06%,188,321,35,42
,,com.hahaqu.em.bts.common.commissioning.view.DcPowerSourceFaultThresholdRangPanel,37.74%,33,20,4,2
,,com.hahaqu.em.bts.common.commissioning.view.RAEAdditionalDataPanel$5,0.00%,5,0,2,0
,,com.hahaqu.em.bts.common.commissioning.view.RAEAdditionalDataPanel$5,0.00%,5,0,2,0
,,com.hahaqu.em.bts.common.commissioning.view.RAEAdditionalDataPanel$6,0.00%,5,0,2,0
,,com.hahaqu.em.bts.common.commissioning.view.RAEAdditionalDataPanel$6,0.00%,5,0,2,0
,,com.hahaqu.em.bts.common.commissioning.view.RAEAdditionalDataPanel$3,0.00%,5,0,2,0
,,com.hahaqu.em.bts.common.commissioning.view.RAEAdditionalDataPanel$3,0.00%,5,0,2,0
,,com.hahaqu.em.bts.common.commissioning.view.RAEAdditionalDataPanel$4,0.00%,5,0,2,0
,,com.hahaqu.em.bts.common.commissioning.view.RAEAdditionalDataPanel$4,0.00%,5,0,2,0
,,com.hahaqu.em.bts.common.commissioning.view.RAEAdditionalDataPanel$1,0.00%,3,0,2,0
,,com.hahaqu.em.bts.common.commissioning.view.RAEAdditionalDataPanel$1,0.00%,3,0,2,0
,,com.hahaqu.em.bts.common.commissioning.view.RAEAdditionalDataPanel$2,0.00%,3,0,2,0
,,com.hahaqu.em.bts.common.commissioning.view.RAEAdditionalDataPanel$2,0.00%,3,0,2,0
,,com.hahaqu.em.bts.common.commissioning.view.TiltConfigurationFileComboEditor,20.00%,28,7,4,2
,,com.hahaqu.em.bts.common.commissioning.view.RETAdditionalDataPanel$4,33.33%,2,1,1,1
,,com.hahaqu.em.bts.common.commissioning.view.RETAdditionalDataPanel$4,33.33%,2,1,1,1
,,com.hahaqu.em.bts.common.commissioning.view.RETAdditionalDataPanel$3,33.33%,2,1,1,1
,,com.hahaqu.em.bts.common.commissioning.view.RETAdditionalDataPanel$3,33.33%,2,1,1,1
,,com.hahaqu.em.bts.common.commissioning.view.RETAdditionalDataPanel$2,33.33%,2,1,1,1
,,com.hahaqu.em.bts.common.commissioning.view.RETAdditionalDataPanel$2,33.33%,2,1,1,1
,,com.hahaqu.em.bts.common.commissioning.view.RETAdditionalDataPanel$1,33.33%,2,1,1,1
,,com.hahaqu.em.bts.common.commissioning.view.RETAdditionalDataPanel$1,33.33%,2,1,1,1
,,com.hahaqu.em.bts.common.commissioning.view.DCPowerSourceTable$1,100.00%,0,6,0,2
,,com.hahaqu.em.bts.common.commissioning.view.ALSMHAInfoView,56.60%,148,193,17,27
,,com.hahaqu.em.bts.common.commissioning.view.ALSMHAInfoView,56.60%,148,193,17,27
,,com.hahaqu.em.bts.common.commissioning.view.AntennaDeviceAdditionalDataPanel$DynamicComponent,100.00%,0,7,0,2
,,com.hahaqu.em.bts.common.commissioning.view.RAEAdditionalDataPanel,0.00%,181,0,12,0
,,com.hahaqu.em.bts.common.commissioning.view.RAEAdditionalDataPanel,0.00%,181,0,12,0
,,com.hahaqu.em.bts.common.commissioning.view.TiltConfigurationFileComboEditor$2,0.00%,8,0,2,0
,,com.hahaqu.em.bts.common.commissioning.view.TiltConfigurationFileComboEditor$1,0.00%,20,0,2,0
,,com.hahaqu.em.bts.common.commissioning.view.ALSView$2,33.33%,2,1,1,1
,,com.hahaqu.em.bts.common.commissioning.view.ALSView$1,33.33%,2,1,1,1
,,com.hahaqu.em.bts.common.commissioning.view.ALSView$4,10.00%,9,1,1,1
,,com.hahaqu.em.bts.common.commissioning.view.ALSView$3,33.33%,2,1,1,1
,,com.hahaqu.em.bts.common.commissioning.view.ALSView$5,14.29%,6,1,1,1
,,com.hahaqu.em.bts.common.commissioning.view.RETSettingsView$2,0.00%,3,0,2,0
,,com.hahaqu.em.bts.common.commissioning.view.RETSettingsView$1,8.33%,11,1,1,1
,,com.hahaqu.em.bts.common.commissioning.view.RETSettingsView$6,50.00%,4,4,0,2
,,com.hahaqu.em.bts.common.commissioning.view.RETSettingsView$5,0.00%,3,0,2,0
,,com.hahaqu.em.bts.common.commissioning.view.RETSettingsView$4,0.00%,3,0,2,0
,,com.hahaqu.em.bts.common.commissioning.view.RETSettingsView$3,0.00%,3,0,2,0
,,com.hahaqu.em.bts.common.commissioning.view.RETManagementView$MyHTMLMultiLineLabel,100.00%,0,8,0,3
,,com.hahaqu.em.bts.common.commissioning.view.AntennaDeviceAdditionalDataPanel$1,33.33%,2,1,1,1
,,com.hahaqu.em.bts.common.commissioning.view.AntennaDeviceAdditionalDataPanel$9,13.33%,13,2,1,2
,,com.hahaqu.em.bts.common.commissioning.view.AntennaDeviceAdditionalDataPanel$8,33.33%,2,1,1,1
,,com.hahaqu.em.bts.common.commissioning.view.AntennaDeviceAdditionalDataPanel$7,33.33%,2,1,1,1
,,com.hahaqu.em.bts.common.commissioning.view.AntennaDeviceAdditionalDataPanel$6,33.33%,2,1,1,1
,,com.hahaqu.em.bts.common.commissioning.view.AntennaDeviceAdditionalDataPanel$5,33.33%,2,1,1,1
,,com.hahaqu.em.bts.common.commissioning.view.AntennaDeviceAdditionalDataPanel$4,8.33%,11,1,1,1
,,com.hahaqu.em.bts.common.commissioning.view.AntennaDeviceAdditionalDataPanel$3,33.33%,2,1,1,1
,,com.hahaqu.em.bts.common.commissioning.view.AntennaDeviceAdditionalDataPanel$2,33.33%,2,1,1,1
,,com.hahaqu.em.bts.common.commissioning.view.AISGMHASettingsView$AntennaComboBoxRenderer,81.82%,2,9,0,3
,,com.hahaqu.em.bts.common.commissioning.view.DCPowerSourceTable,81.48%,15,66,4,10
,,com.hahaqu.em.bts.common.commissioning.view.RETManangementTable$2,75.00%,2,6,0,2
,,com.hahaqu.em.bts.common.commissioning.view.RETManangementTable$1,11.11%,8,1,1,1
,,com.hahaqu.em.bts.common.commissioning.view.AntennaDeviceAdditionalDataPanel$TextFieldKeyListener,10.00%,9,1,3,1
,,com.hahaqu.em.bts.common.commissioning.view.TiltConfigurationFileComboRenderer,0.00%,59,0,7,0
,,com.hahaqu.em.bts.common.commissioning.controller.AISGMHASettingsController,78.95%,8,30,3,7
,,com.hahaqu.em.bts.common.commissioning.controller.ALSController,66.67%,15,30,4,5
,,com.hahaqu.em.bts.gui.tdlte.commissioning.view.TDLTERETManagementView,0.00%,17,0,4,0
,,com.hahaqu.em.bts.gui.tdlte.commissioning.view.TDLTERETSettingsView,0.00%,75,0,17,0
,,com.hahaqu.em.bts.common.commissioning.model.scfprocessor.RETManagementSCFProcessor,63.11%,76,130,5,23
,,com.hahaqu.em.bts.common.commissioning.model.scfprocessor.ALSModelSCFProcessor,52.79%,541,605,44,99
,,com.hahaqu.em.bts.common.commissioning.model.scfprocessor.RETSettingsSCFprosessor,55.05%,369,452,41,80
,,com.hahaqu.em.bts.gui.lnz.commissioning.model.LNZALSModel,0.00%,3,0,2,0
,,com.hahaqu.em.bts.gui.lnz.commissioning.model.LNZAntennaSettings,0.00%,4,0,2,0
,,com.hahaqu.em.bts.common.commissioning.scf.raml.runtimeSynchronize.creator.LNACreator,36.36%,28,16,14,2
,,com.hahaqu.em.bts.common.commissioning.scf.raml.runtimeSynchronize.synchronizer.RETDialogSynchronizer,0.00%,41,0,16,0
,,com.hahaqu.em.bts.common.commissioning.scf.raml.runtimeSynchronize.synchronizer.MHATypeSynchronizer,45.45%,6,5,1,2
,,com.hahaqu.em.bts.gui.lte.commissioning.view.LTEALSView$3,0.00%,7,0,2,0
,,com.hahaqu.em.bts.gui.lte.commissioning.view.LTEALSView$2,0.00%,10,0,2,0
,,com.hahaqu.em.bts.gui.lte.commissioning.view.LTEALSView$5,14.29%,6,1,1,1
,,com.hahaqu.em.bts.gui.lte.commissioning.view.LTEALSView$4,14.29%,6,1,1,1
,,com.hahaqu.em.bts.gui.lte.commissioning.view.LTEALSView$6,8.33%,11,1,1,1
,,com.hahaqu.em.bts.gui.lte.commissioning.view.LTEALSView$1,6.67%,14,1,1,1
,,com.hahaqu.em.bts.gui.lte.commissioning.view.LTEALSView,42.25%,499,365,29,61
,,com.hahaqu.em.bts.gui.lte.commissioning.view.LTERETManagementTable,0.00%,9,0,2,0
,,com.hahaqu.em.bts.gui.lte.commissioning.view.LTERETSettingsView$1,8.33%,11,1,1,1
,,com.hahaqu.em.bts.gui.lte.commissioning.view.LTERETSettingsView$2,100.00%,0,3,0,3
,,com.hahaqu.em.bts.gui.lte.commissioning.view.LTEALSMHAInfoView,83.72%,7,36,3,8
,,com.hahaqu.em.bts.gui.lte.commissioning.view.LTEALSMHAInfoView,83.72%,7,36,3,8
,,com.hahaqu.em.bts.gui.lte.commissioning.view.LTEALSMHAInfoView$1,100.00%,0,2,0,2
,,com.hahaqu.em.bts.gui.lte.commissioning.view.LTEALSMHAInfoView$1,100.00%,0,2,0,2
,,com.hahaqu.em.bts.gui.lte.commissioning.view.LTERETSettingsView,58.75%,99,141,7,24
,,com.hahaqu.em.bts.gui.lte.commissioning.view.LTERETManagementView,76.92%,6,20,0,4
,,com.hahaqu.em.bts.gui.lte.commissioning.view.LTEAISGMHASettingsView,85.71%,5,30,0,7
,,com.hahaqu.em.bts.gui.lte.commissioning.view.LTEAISGMHASettingsView$1,100.00%,0,2,0,2
,,com.hahaqu.em.bts.gui.lte.commissioning.view.MicroALSView,0.00%,57,0,17,0
,,com.hahaqu.em.bts.gui.lte.commissioning.view.LTEDcPowerSourceFaultThresholdRangPanel,66.67%,1,2,1,1
,,com.hahaqu.em.bts.gui.tdlte.commissioning.model.TDLTERETSettingsModel,0.00%,68,0,11,0
,,com.hahaqu.em.bts.gui.tdlte.commissioning.model.TDLTERETManagementTableModel,0.00%,3,0,2,0
,,com.hahaqu.em.bts.gui.tdlte.commissioning.model.TDLTEAISGMHASettingsModel,0.00%,6,0,4,0
,,com.hahaqu.em.bts.gui.tdlte.commissioning.model.TDLTERETAntennasTableModel,0.00%,38,0,6,0
,,com.hahaqu.em.bts.gui.tdlte.commissioning.controller.TDLTERETSettingsController,0.00%,6,0,3,0
,,com.hahaqu.em.bts.gui.tdlte.commissioning.controller.TDLTERETManagementController,0.00%,3,0,1,0
,,com.hahaqu.em.bts.gui.lte.commissioning.controller.LTERETManagementController,100.00%,0,3,0,1
,,com.hahaqu.em.bts.gui.lte.commissioning.controller.LTERETSettingsController,76.47%,4,13,0,3
,,com.hahaqu.em.bts.gui.lte.commissioning.controller.LTEALSController,45.68%,44,37,2,5
Commissioning-BTS Synchronization Settings,53.68%,com.hahaqu.em.bts.gui.lnf.commissioning.model.validator.current.LNFSynchronizationSettingsModelValidator,0.00%,9,0,5,0
,,com.hahaqu.em.bts.gui.lte.commissioning.model.LTEGNSSSyncInputData,0.00%,73,0,39,0
,,com.hahaqu.em.bts.gui.lte.commissioning.model.LTESystemSyncInputData,78.42%,30,109,15,61
,,com.hahaqu.em.bts.gui.lte.commissioning.model.LTESynchronizationSettingsModel$1,100.00%,0,2,0,2
,,com.hahaqu.em.bts.gui.lte.commissioning.model.LTEUnitSyncInputData,83.33%,3,15,1,10
,,com.hahaqu.em.bts.gui.lte.commissioning.model.LTESyncInputSettingsTableModel,68.25%,20,43,3,15
,,com.hahaqu.em.bts.gui.lte.commissioning.model.LTESynchronizationSettingsModel,55.44%,352,438,61,143
,,com.hahaqu.em.bts.gui.tdlte.commissioning.model.scfprocessor.TDLTESynchronizationSettingsSCFProcessor,0.00%,22,0,3,0
,,com.hahaqu.em.bts.gui.lnf.commissioning.model.LNFSynchronizationSettingsModel,0.00%,19,0,12,0
,,com.hahaqu.em.bts.gui.lte.component.siteinfo.model.helper.LTESynchronizationSettingsHelper,0.00%,88,0,20,0
,,com.hahaqu.em.bts.gui.lnz.commissioning.model.initializer.LNZSynchronizationSettingsRAMLMetadataInitializer,0.00%,15,0,3,0
,,com.hahaqu.em.bts.common.commissioning.model.mdinitializer.SynchronizationSettingsRAMLMetadataInitializer,100.00%,0,11,0,2
,,com.hahaqu.em.bts.gui.lnf.commissioning.model.scfprocessor.LNFSynchronizationSettingsSCFProcessor,0.00%,7,0,7,0
,,com.hahaqu.em.bts.gui.lnz.component.siteinfo.model.helper.LNZSynchronizationSettingsHelper,0.00%,8,0,2,0
,,com.hahaqu.em.bts.gui.lnf.commissioning.model.initializer.LNFSynchronizationSettingsRAMLMetadataInitializer,0.00%,2,0,2,0
,,com.hahaqu.em.bts.gui.tdlte.commissioning.model.initializer.TDLTESynchronizationSettingsRAMLMetadataInitializer,0.00%,28,0,4,0
,,com.hahaqu.em.bts.gui.lte.component.siteinfo.model.LTESynchronizationSettingsSiteInfoModel,0.00%,12,0,10,0
,,com.hahaqu.em.bts.gui.lte.commissioning.model.initializer.LTESynchronizationSettingsRAMLMetadataInitializer,98.22%,3,166,0,20
,,com.hahaqu.em.bts.gui.tdlte.commissioning.model.validator.current.TDLTESynchronizationSettingsModelValidator,0.00%,23,0,6,0
,,com.hahaqu.em.bts.gui.lnz.commissioning.model.validator.current.LNZSynchronizationSettingsModelValidator,0.00%,21,0,8,0
,,com.hahaqu.em.bts.gui.lte.commissioning.model.scfprocessor.LTESynchronizationSettingsSCFProcessor,67.94%,67,142,5,27
,,com.hahaqu.em.bts.common.commissioning.model.SynchronizationSettingsModel,63.93%,22,39,11,16
,,com.hahaqu.em.bts.gui.lnz.component.siteinfo.model.LNZSynchronizationSettingsSiteInfoModel,0.00%,9,0,7,0
,,com.hahaqu.em.bts.gui.lte.commissioning.model.validator.current.LTESynchronizationSettingsModelValidator,39.89%,220,146,14,32
,,com.hahaqu.em.bts.common.commissioning.model.validator.SynchronizationSettingsModelValidator,63.64%,4,7,1,3
,,com.hahaqu.em.bts.gui.tdlte.component.siteinfo.model.TDLTESynchronizationSettingsSiteInfoModel,0.00%,11,0,9,0
,,com.hahaqu.em.bts.common.commissioning.scf.raml.CLOCKBean,74.05%,34,97,8,24
,,com.hahaqu.em.bts.common.commissioning.scf.raml.SYNCBean,72.41%,8,21,3,8
,,com.hahaqu.em.bts.common.commissioning.scf.raml.GNSSIBean,0.00%,10,0,6,0
,,com.hahaqu.em.bts.common.commissioning.scf.raml.CLOCKFDDBean,83.33%,1,5,1,3
,,com.hahaqu.em.bts.common.commissioning.scf.raml.GNSSBean,0.00%,33,0,16,0
,,com.hahaqu.em.bts.common.commissioning.scf.raml.TIMEBean,80.95%,4,17,1,9
,,com.hahaqu.em.bts.common.commissioning.scf.raml.GNSSEBean,0.00%,16,0,10,0
,,com.hahaqu.em.bts.common.commissioning.scf.raml.LTESyncInputSettingsData,87.50%,1,7,1,5
,,com.hahaqu.em.bts.common.commissioning.scf.raml.CLOCKTDDBean,0.00%,6,0,4,0
,,com.hahaqu.em.bts.gui.tdlte.component.siteinfo.model.helper.TDLTESynchronizationSettingsHelper,0.00%,7,0,2,0
,,com.hahaqu.em.bts.gui.lnz.commissioning.model.scfprocessor.LNZSynchronizationSettingsSCFProcessor,0.00%,26,0,12,0
,,com.hahaqu.em.bts.common.component.siteinfo.model.helper.SynchronizationSettingsHelper,0.00%,12,0,5,0
,,com.hahaqu.em.bts.gui.lnf.component.siteinfo.model.LNFSynchronizationSettingsSiteInfoModel,0.00%,8,0,6,0
,,com.hahaqu.em.bts.common.commissioning.view.SynchronizationSettingsView$SyncModeHandler,100.00%,0,4,0,2
,,com.hahaqu.em.bts.common.commissioning.view.SynchronizationSettingsView,70.11%,26,61,13,14
,,com.hahaqu.em.bts.common.commissioning.controller.SynchronizationSettingsController,50.00%,11,11,3,3
,,com.hahaqu.em.bts.gui.tdlte.commissioning.view.TDLTESynchronizationSettingsView,0.00%,59,0,15,0
,,com.hahaqu.em.bts.gui.tdlte.commissioning.view.TDLTESynchronizationSettingsView$DualModeSyncSlaveHandler,0.00%,8,0,2,0
,,com.hahaqu.em.bts.common.commissioning.model.scfprocessor.SynchronizationSettingsSCFProcessor,100.00%,0,9,0,2
,,com.hahaqu.em.bts.gui.lnz.commissioning.model.LNZSynchronizationSettingsModel,0.00%,43,0,20,0
,,com.hahaqu.em.bts.gui.lte.commissioning.view.LTESyncInputSettingsTable$1,100.00%,0,6,0,2
,,com.hahaqu.em.bts.gui.lte.commissioning.view.LTESynchronizationSettingsView$UnitSyncTree,75.00%,1,3,1,1
,,com.hahaqu.em.bts.gui.lte.commissioning.view.LTESynchronizationSettingsView,77.36%,247,844,31,122
,,com.hahaqu.em.bts.gui.lte.commissioning.view.LTESynchronizationSettingsView$UnitSyncTreeSelectionListener,100.00%,0,3,0,2
,,com.hahaqu.em.bts.gui.lte.commissioning.view.LTESynchronizationSettingsView$8,33.33%,2,1,1,1
,,com.hahaqu.em.bts.gui.lte.commissioning.view.LTESynchronizationSettingsView$7,12.50%,7,1,1,1
,,com.hahaqu.em.bts.gui.lte.commissioning.view.LTESynchronizationSettingsView$9,12.50%,7,1,1,1
,,com.hahaqu.em.bts.gui.lte.commissioning.view.LTESynchronizationSettingsView$2,25.00%,3,1,1,1
,,com.hahaqu.em.bts.gui.lte.commissioning.view.LTESynchronizationSettingsView$1,20.00%,4,1,1,1
,,com.hahaqu.em.bts.gui.lte.commissioning.view.LTESynchronizationSettingsView$4,33.33%,2,1,1,1
,,com.hahaqu.em.bts.gui.lte.commissioning.view.LTESynchronizationSettingsView$3,33.33%,2,1,1,1
,,com.hahaqu.em.bts.gui.lte.commissioning.view.LTESynchronizationSettingsView$6,6.67%,14,1,1,1
,,com.hahaqu.em.bts.gui.lte.commissioning.view.LTESynchronizationSettingsView$5,33.33%,2,1,1,1
,,com.hahaqu.em.bts.gui.lte.commissioning.view.LTESynchronizationSettingsView$DeleteAction,14.29%,6,1,1,1
,,com.hahaqu.em.bts.gui.lte.commissioning.view.LTESynchronizationSettingsView$LTEUnitSyncCellRender,90.00%,1,9,0,2
,,com.hahaqu.em.bts.gui.lte.commissioning.view.LTESynchronizationSettingsView$NewAction,12.50%,21,3,1,1
,,com.hahaqu.em.bts.gui.lte.commissioning.view.LTESynchronizationSettingsView$DatePickerValidation,65.00%,7,13,0,3
,,com.hahaqu.em.bts.gui.lte.commissioning.view.LTESyncInputSettingsTable$TypeCellEditor,10.64%,42,5,10,1
,,com.hahaqu.em.bts.gui.lte.commissioning.view.LTESyncInputSettingsTable,100.00%,0,20,0,2
,,com.hahaqu.em.bts.gui.lte.commissioning.view.LTESynchronizationSettingsView$11,20.00%,4,1,1,1
,,com.hahaqu.em.bts.gui.lte.commissioning.view.LTESynchronizationSettingsView$10,25.00%,3,1,1,1
,,com.hahaqu.em.bts.gui.lte.commissioning.view.LTESynchronizationSettingsView$19,20.00%,4,1,1,1
,,com.hahaqu.em.bts.gui.lte.commissioning.view.LTESynchronizationSettingsView$18,33.33%,2,1,1,1
,,com.hahaqu.em.bts.gui.lte.commissioning.view.LTESynchronizationSettingsView$17,6.67%,14,1,1,1
,,com.hahaqu.em.bts.gui.lte.commissioning.view.LTESynchronizationSettingsView$16,33.33%,2,1,1,1
,,com.hahaqu.em.bts.gui.lte.commissioning.view.LTESynchronizationSettingsView$15,33.33%,2,1,1,1
,,com.hahaqu.em.bts.gui.lte.commissioning.view.LTESynchronizationSettingsView$14,33.33%,2,1,1,1
,,com.hahaqu.em.bts.gui.lte.commissioning.view.LTESynchronizationSettingsView$13,33.33%,2,1,1,1
,,com.hahaqu.em.bts.gui.lte.commissioning.view.LTESynchronizationSettingsView$12,33.33%,2,1,1,1
,,com.hahaqu.em.bts.gui.lte.commissioning.view.LTESynchronizationSettingsView$22,14.29%,6,1,1,1
,,com.hahaqu.em.bts.gui.lte.commissioning.view.LTESynchronizationSettingsView$21,14.29%,6,1,1,1
,,com.hahaqu.em.bts.gui.lte.commissioning.view.LTESynchronizationSettingsView$20,33.33%,2,1,1,1
,,com.hahaqu.em.bts.gui.lte.commissioning.view.LTESynchronizationSettingsView$25,42.86%,4,3,2,2
,,com.hahaqu.em.bts.gui.lte.commissioning.view.LTESynchronizationSettingsView$24,42.86%,4,3,2,2
,,com.hahaqu.em.bts.gui.lte.commissioning.view.LTESynchronizationSettingsView$23,42.86%,4,3,2,2
,,com.hahaqu.em.bts.gui.tdlte.commissioning.model.TDLTESynchronizationSettingsModel,0.00%,54,0,18,0
,,com.hahaqu.em.bts.gui.lte.commissioning.view.eqview.LTESynchronizationSettingsEqView,82.61%,4,19,0,3
,,com.hahaqu.em.bts.gui.lnz.commissioning.view.LNZSynchronizationSettingsView,0.00%,84,0,35,0
,,com.hahaqu.em.bts.gui.lnf.commissioning.view.LNFSynchronizationSettingsView,0.00%,42,0,25,0
,,com.hahaqu.em.bts.gui.lte.commissioning.controller.LTESynchronizationSettingsController,100.00%,0,6,0,2
Commissioning-LTE Commissioning Radio Network Configuration (PDDB)/Commissioning-RNW,39.28%,com.hahaqu.em.bts.gui.lte.commissioning.model.LTERNWFileEditModel,54.09%,247,291,24,47
,,com.hahaqu.em.bts.gui.tdlte.commissioning.model.scfprocessor.TDLTERNWSCFProcessor,0.00%,9,0,2,0
,,com.hahaqu.em.bts.gui.lte.component.siteinfo.model.LTERNWFileEditSiteInfoModel,0.00%,20,0,3,0
,,com.hahaqu.em.bts.gui.lte.component.siteinfo.model.LTERNWFileEditSiteInfoModel$RNWSiteInfoTreeViewModel,0.00%,54,0,6,0
,,com.hahaqu.em.bts.gui.tdlte.commissioning.model.validator.current.TDLTERNWFileEditModelValidator,0.00%,194,0,51,0
,,com.hahaqu.em.bts.gui.lte.commissioning.model.scfprocessor.LTERNWSCFProcessor,96.30%,2,52,1,7
,,com.hahaqu.em.bts.gui.lte.commissioning.view.rnwsearch.LTERNWSearchResultsPanel$SearchResultsMouseListener,25.00%,3,1,1,1
,,com.hahaqu.em.bts.gui.lte.commissioning.view.rnwsearch.LTERNWSearchResultsPanel$4,100.00%,0,4,0,2
,,com.hahaqu.em.bts.gui.lte.commissioning.view.rnwsearch.LTERNWSearchResultsPanel$5,33.33%,2,1,1,1
,,com.hahaqu.em.bts.gui.lte.commissioning.view.rnwsearch.LTERNWSearchResultsPanel$2,100.00%,0,4,0,2
,,com.hahaqu.em.bts.gui.lte.commissioning.view.rnwsearch.LTERNWSearchResultsPanel$3,33.33%,2,1,1,1
,,com.hahaqu.em.bts.gui.lte.commissioning.view.rnwsearch.LTERNWSearchResultsController,24.24%,25,8,3,2
,,com.hahaqu.em.bts.gui.lte.commissioning.view.rnwsearch.LTERNWSearchResultsPanel$1,25.00%,9,3,2,1
,,com.hahaqu.em.bts.gui.lte.commissioning.view.rnwsearch.LTERNWTreeSearchBar,53.27%,50,57,12,9
,,com.hahaqu.em.bts.gui.lte.commissioning.view.rnwsearch.LTERNWTreeSearchBar$1,33.33%,2,1,1,1
,,com.hahaqu.em.bts.gui.lte.commissioning.view.rnwsearch.LTERNWSearchResultsController$1,100.00%,0,4,0,2
,,com.hahaqu.em.bts.gui.lte.commissioning.view.rnwsearch.LTERNWSearchResultsPanel,75.65%,28,87,5,14
,,com.hahaqu.em.bts.gui.lte.commissioning.view.rnwsearch.LTERNWSearchOptionController,6.67%,28,2,4,1
,,com.hahaqu.em.bts.gui.lte.commissioning.model.validator.current.LTERNWFileEditModelValidator,27.40%,967,365,66,47
,,com.hahaqu.em.bts.gui.lte.commissioning.view.LTERNWFileEditView$1,0.00%,11,0,2,0
,,com.hahaqu.em.bts.gui.lte.commissioning.view.LTERNWEditPanel$LTETreeCellRenderer,85.71%,1,6,0,2
,,com.hahaqu.em.bts.gui.lte.commissioning.view.LTERNWEditPanel$4,25.00%,3,1,1,1
,,com.hahaqu.em.bts.gui.lte.commissioning.view.LTERNWEditPanel$5,0.00%,3,0,2,0
,,com.hahaqu.em.bts.gui.lte.commissioning.view.LTERNWEditPanel$2,100.00%,0,7,0,2
,,com.hahaqu.em.bts.gui.lte.commissioning.view.LTERNWEditPanel$3,25.00%,3,1,1,1
,,com.hahaqu.em.bts.gui.lte.commissioning.view.LTERNWEditPanel$6,0.00%,5,0,2,0
,,com.hahaqu.em.bts.gui.lte.commissioning.view.LTERNWEditPanel$1,100.00%,0,7,0,2
,,com.hahaqu.em.bts.gui.lte.commissioning.view.LTERNWFileEditView,74.19%,8,23,2,6
,,com.hahaqu.em.bts.gui.lte.commissioning.view.LTERNWEditPanel,78.93%,51,191,13,28
,,com.hahaqu.em.bts.gui.tdlte.commissioning.model.TDLTERNWFileEditModel,0.00%,45,0,14,0
,,com.hahaqu.em.bts.gui.lte.commissioning.controller.LTERNWFileEditController,57.00%,43,57,6,8
Commissioning-Concurrent Mode Settings,24.54%,com.hahaqu.em.bts.gui.lte.commissioning.model.LTEConcurrentModeSettingsModel,18.83%,750,174,127,55
,,com.hahaqu.em.bts.gui.lte.commissioning.model.LTEConcurrentModeSettingsModel$LTEConcurrentModeRadioParameterHolder,0.00%,72,0,15,0
,,com.hahaqu.em.bts.common.commissioning.model.mdinitializer.ConcurrentModeSettingsRAMLMetadataInitializer,100.00%,0,2,0,2
,,com.hahaqu.em.bts.gui.lte.component.siteinfo.model.LTEConcurrentModeSettingsSiteInfoModel,0.00%,148,0,33,0
,,com.hahaqu.em.bts.common.commissioning.view.eqview.ConcurrentModeSettingsEQView,31.25%,22,10,0,3
,,com.hahaqu.em.bts.gui.lte.commissioning.model.scfprocessor.LTEConcurrentModeSettingsSCFProcessor,31.16%,243,110,28,25
,,com.hahaqu.em.bts.common.commissioning.model.ConcurrentModeSettingsModel,36.48%,289,166,74,53
,,com.hahaqu.em.bts.common.commissioning.model.ConcurrentModeSettingsModel$ConcurrentModeRadioParameterHolder,0.00%,28,0,16,0
,,com.hahaqu.em.bts.gui.lte.commissioning.model.validator.current.LTEConcurrentModeSettingsModelValidator,25.15%,381,128,50,36
,,com.hahaqu.em.bts.common.commissioning.model.validator.ConcurrentModeSettingsModelValidator,2.22%,132,3,21,2
,,com.hahaqu.em.bts.common.component.siteinfo.model.helper.ConcurrentModeSettingsHelper,0.00%,223,0,35,0
,,com.hahaqu.em.bts.common.commissioning.view.ConcurrentModeSettingsView$SharedWithChBox,71.43%,8,20,3,5
,,com.hahaqu.em.bts.common.commissioning.view.ConcurrentModeSettingsView,65.48%,107,203,28,40
,,com.hahaqu.em.bts.common.commissioning.view.ConcurrentModeSettingsView$2,14.29%,6,1,1,1
,,com.hahaqu.em.bts.common.commissioning.view.ConcurrentModeSettingsView$3,10.00%,9,1,1,1
,,com.hahaqu.em.bts.common.commissioning.view.ConcurrentModeSettingsView$4,10.00%,9,1,1,1
,,com.hahaqu.em.bts.common.commissioning.view.ConcurrentModeSettingsView$5,10.00%,9,1,1,1
,,com.hahaqu.em.bts.common.commissioning.view.ConcurrentModeSettingsView$1,25.00%,3,1,1,1
,,com.hahaqu.em.bts.common.commissioning.controller.ConcurrentModeSettingsController,32.14%,19,9,6,3
,,com.hahaqu.em.bts.common.commissioning.model.scfprocessor.ConcurrentModeSettingsSCFProcessor,33.33%,2,1,2,1
,,com.hahaqu.em.bts.gui.lte.commissioning.view.LTEConcurrentModeSettingsView$AdditionalConfigurationPanelForShare3G,0.00%,36,0,10,0
,,com.hahaqu.em.bts.gui.lte.commissioning.view.LTEConcurrentModeSettingsView,21.44%,854,233,70,43
,,com.hahaqu.em.bts.gui.lte.commissioning.view.LTEConcurrentModeSettingsView$ModuleInfoForRel4Components,79.31%,6,23,4,3
,,com.hahaqu.em.bts.gui.lte.commissioning.view.LTEConcurrentModeSettingsView$3,6.67%,14,1,1,1
,,com.hahaqu.em.bts.gui.lte.commissioning.view.LTEConcurrentModeSettingsView$1,0.00%,7,0,2,0
,,com.hahaqu.em.bts.gui.lte.commissioning.view.LTEConcurrentModeSettingsView$2,10.00%,9,1,1,1
,,com.hahaqu.em.bts.gui.tdlte.commissioning.model.TDLTEConcurrentModeSettingsModel,0.00%,3,0,2,0
,,com.hahaqu.em.bts.gui.lte.commissioning.controller.LTEConcurrentModeSettingsController,64.00%,9,16,2,3
Commissioning-Additional Site Settings,39.68%,com.hahaqu.em.sitemgr.services.commission.groups.AdditionalConfigurationGroupInitializer,100.00%,0,8,0,2
,,com.hahaqu.em.bts.common.commissioning.core.AdditionalSettings,54.87%,51,62,2,8
,,com.hahaqu.em.sitemgr.gui.commission.pages.AdditionalSettingsView,0.00%,56,0,2,0
,,com.hahaqu.em.sitemgr.gui.commission.pages.AdditionalSettingsPage,41.67%,7,5,5,1
